uuid,name,email,phone,description,tags,metadata.referrer,metadata.region,metadata.plan,metadata.source
19637285-2515-4c41-a70a-4b715d877936,Patrick Gardner,fjohnson@example.org,+9896083863,Serve civil institution.,"internal,premium,b2b",rodriguez.com,LK,free,organic
fcea94fb-16be-46cb-a5a4-b842cf9a9b13,Brent Abbott,lindsay78@example.org,+51834959310341,Everyone player half have decide environment.,,moore-bernard.com,CA,enterprise,ads
580ad1cd-c7fd-4e63-96c4-c1b230dd7aae,Devin Schaefer,gabriellecameron@example.org,+5059641395,Those poor central cause seat much.,"churned,internal,vip",wong.com,DK,pro,organic
c0ba8c8c-792c-482d-9542-7c1311554caa,Ann Williams,hernandezernest@example.net,+791366978480184,Itself law west then enjoy.,"b2b,premium",richards.com,CU,pro,organic
36a67836-de09-4baf-9803-53012923d513,Christina Brooks,amberosborne@example.net,+2955701543,Water beat magazine attorney set she campaign.,"churned,new-customer,b2b",gill.com,DZ,free,referral
dc7f2c00-6ca2-4f50-a6cb-3b440f75e7fb,Daniel Ryan,jenniferross@example.net,+155758713315098,Audience piece director.,,arroyo-martin.net,UZ,enterprise,referral
8769f8b5-166a-4861-b701-9498ce888bc1,John Ryan,esanchez@example.com,+3112656670,Rock song body court movie cell.,"churned,premium,internal",heath.net,GW,free,organic
c2248054-92bd-45b1-87c0-3739008c2824,Savannah Garcia,novaksara@example.org,+2678736026,Unit size expect recent room.,premium,ramirez.com,PA,enterprise,organic
b4712cd2-815c-41fd-9bbe-8af49f943725,Kimberly Adkins,williamsthomas@example.net,+8083121913,East organization people information on mission various.,"b2b,churned,internal",stanley.com,BG,free,organic
ef71b181-88ea-47d7-969d-385fe07a85a1,Michael Evans,sarah10@example.com,+17916183842513,Just myself few worker.,premium,santiago.com,IN,pro,referral
e7f4940e-b2e5-4753-822a-3566b351a692,Steve Newton,josephjacobs@example.net,+634487401640052,Necessary into act away third tough.,"b2b,new-customer",rice.com,CR,enterprise,ads
2960a259-997d-4173-9f0e-9c1ec738818e,Jacob Fitzpatrick,nolanjason@example.org,+5212607337543,Huge everything attorney significant go.,"vip,churned,internal",johnson.biz,CN,enterprise,organic
ef67bffc-b2c0-4e90-b6a4-e0e4e8b1a8a8,Debbie Carpenter,benjamin96@example.com,+415595148465648,Professor here security community notice image.,"b2b,vip",ross.com,CI,free,ads
a6dc55ad-d482-4737-9e35-be2ce9484a62,Erica Ramos,williamleon@example.net,+5145895134,Agency each little sure.,"premium,churned",torres.biz,TT,enterprise,organic
6b458145-981c-4cea-b1a6-bf9723bdcea7,Janet Ross,dianasmith@example.org,+19865872774348,Key require doctor from throw.,vip,gibson.org,FI,enterprise,referral
bd444353-8da3-4eee-8cc4-a588ac8f1298,Daniel Perry,amy60@example.org,+569909670546688,Event magazine home protect something.,vip,taylor.biz,MD,pro,ads
3046d23b-5d20-4a78-a8f9-99c17188183b,James Elliott,millerroy@example.com,+8046653755,Edge bank affect much yourself glass.,"new-customer,internal,premium",martin.org,SN,pro,organic
e3b233a1-3fd2-4ad9-a73e-39c50ac37e60,Alex Hernandez,thomaswilson@example.org,+6458299124190,Walk cup option store drug recent.,"premium,new-customer,churned",jones.com,HU,free,organic
a2a49e6d-d3ab-4594-81b5-b368bfd0a963,Hannah Patterson,casey50@example.com,+91685726284987,Environmental system store beautiful think during let particular.,"internal,b2b,vip",jefferson-burke.com,TM,enterprise,organic
2cc2714a-0c61-4982-90f5-07d64cb3eaf0,Mr. David Ramirez,angela83@example.org,+3676837770,Identify during professional hard network.,"churned,internal,premium",rogers-snyder.com,EG,enterprise,ads
5e81aa47-3e0f-48fe-ac40-b919d115f0bc,Denise King,griffithleslie@example.net,+16233374989,Fast guess few remain call.,"b2b,vip",coleman-reese.com,MH,pro,organic
bd4c8930-37b4-4667-8198-fd65a8dbd82e,Margaret Mullins,salasaudrey@example.com,+27542047116719,Specific we be easy.,"churned,premium,internal",mccann.com,MC,pro,ads
3681c51c-18e0-4d0a-8b41-ded97bf8af7e,Terry Evans,ntorres@example.org,+12138341232812,Ready like allow explain executive teacher author.,internal,duran.com,SK,pro,ads
7e9d1e78-33a1-40ad-95d9-3d8b3ec9dd4a,Christina Wilson,deborahkerr@example.org,+9026499471,Wall matter management ball always it.,churned,bradshaw.org,HR,enterprise,referral
3587c053-5254-4b0e-82ba-144a3cf33da5,Laura Sampson,barbara27@example.net,+137442967175655,In many production hundred set already.,new-customer,munoz-johnson.com,GQ,enterprise,ads
a85d8aea-2c2b-47b1-959a-b82d9418959e,Samantha Smith,mgutierrez@example.net,+3972703482477,Participant dream citizen nearly need behavior yeah tree.,new-customer,edwards.com,NA,enterprise,ads
43bf0f2f-96f0-4d6a-8ef6-db80816fbf69,Dorothy Thornton,edavenport@example.org,+6822639821465,Rise study oil process tend.,,valentine-holland.com,SB,free,referral
08624df9-58a0-4682-903b-f522e58dede9,Timothy Kane,ashleyhall@example.com,+7573662702,Between treat address century that wide.,new-customer,ryan-reed.net,ST,pro,referral
7ea92c3c-3ce1-47f3-974a-e647ada8015e,Marie Christian,ofinley@example.net,+5058045562,Radio conference company participant him raise marriage.,,harrison.com,VU,enterprise,organic
914ca973-a7fe-4be2-8105-cc7a34850b58,Robert Santana,charleslandry@example.net,+66467436713695,Within probably ever.,,thomas.com,TL,pro,ads
08bf787e-dd48-4e65-aae4-1c2625d6c327,Tanner Mitchell DDS,jeffery39@example.com,+6857884247,Life away senior difficult.,churned,grimes.org,CH,free,ads
6f2faf7b-993c-4eb6-9401-f37120b5cc71,James Baker,gibsonemily@example.net,+5963513709859,Travel few impact cause watch fight manage.,,ramsey.net,MM,free,ads
5314b96f-7c87-4fe4-934b-4a852b774f16,Michael Paul,umatthews@example.org,+717796405377351,Huge couple business summer.,"churned,internal,premium",young.com,MW,free,organic
e0f8267c-994a-40c3-8d8a-9108067f0bd6,Gavin Zhang,caseyhubbard@example.org,+2104205395,Appear score moment second live.,"internal,vip",davis-lewis.org,AO,pro,organic
c7f6b601-bcdd-482e-a107-13bbc5302a54,Amanda Logan,stephen00@example.com,+76187711592124,Most law painting between reduce table prepare shoulder.,internal,palmer-rodriguez.net,GN,pro,referral
5754481d-bfaf-4cde-95fe-3eacaa31df92,Jennifer Blair,ronald45@example.org,+556304945198327,Suddenly happen several off southern suddenly.,,glenn.biz,LU,pro,ads
667ddee8-33ed-4330-964a-01587f60b920,Michael Parker,michael22@example.net,+2385156149784,Worker area daughter war should share.,"premium,internal,churned",austin.com,AT,free,ads
1e885159-0f73-4c9d-a979-6da4bda4d9f0,Joseph Hall,charles06@example.org,+7154969664160,Least ready gun join black job hundred bad.,,murphy-smith.biz,EC,enterprise,ads
cc2fe054-f0bf-443a-abdd-ae4ca3ace408,Ashley Hicks,michael23@example.org,+9439292127,Poor worry follow wife firm key light.,"b2b,premium,churned",reese-walker.com,BO,pro,referral
005553c1-02cb-4eb7-9099-4619bf2c5ea1,Jesse Brown,chase19@example.net,+267998079359782,Specific study word base.,,turner.net,BN,pro,organic
ec0cb9c0-b1fd-4c3b-a560-0ca722d8cc47,Caitlin Watson,paul59@example.org,+145175186449251,Whose recognize hot organization visit.,,thompson.info,SL,enterprise,organic
e7274ca9-5e1f-45bf-9ef6-f8cb1940f629,Sandra Rodgers,lucasrodney@example.com,+4544235733,Fast small medical music.,,hansen-schneider.com,CN,pro,ads
79e001b8-6737-4bf0-802c-0c04ee332b75,Brittany White,jenniferwilliams@example.com,+81224782613750,Maybe dog yes heart agreement us.,vip,stephenson.org,CO,pro,organic
67dbced4-e881-4976-9f7e-cb8063399782,Brenda Thornton,fgilbert@example.org,+2325898614341,Police performance artist student matter movie.,new-customer,santos.com,PW,pro,ads
07fd5cf5-d34b-4bed-9f5c-67dfa9ccd5c2,Cynthia Butler,millsmichael@example.net,+17886806706,Ground attack drop.,"new-customer,churned",robertson.biz,AD,free,organic
61fd6dc9-4b56-45a7-bbd6-74dc8aa1703c,Joshua Li,mariacohen@example.net,+82291704303054,Already positive experience television answer.,,fuller.com,CR,enterprise,organic
dd7f2caa-f86e-4799-b734-d7463ae368d2,Tyler Morgan,tylerjimenez@example.net,+7166169284511,Knowledge response coach know language.,"internal,new-customer,churned",rivera.biz,CH,enterprise,organic
3ec190ec-a92e-4fdd-9a7d-867ac3daf6e4,Theresa Jones,zcox@example.net,+3216727155,Surface Republican until point soldier.,"internal,vip,new-customer",berg.com,DZ,enterprise,ads
0e22c654-1262-405e-b066-972b13bb4c41,Julian Wood,cherylmiller@example.com,+77846691251778,Policy consider whom item treat area buy.,"premium,b2b",walker.com,SA,free,ads
bd8a9cde-f7a7-4148-8351-869e1a4cbe80,Travis Stone,meghan43@example.net,+14424498182,Result painting successful nor stay agreement animal political.,,torres.com,KN,enterprise,referral
c9213e52-0c56-4283-a614-19b4c168e46c,Stephen Gardner,timothy64@example.com,+4027767735,Safe team wish candidate have no.,"internal,premium",baker.org,DZ,free,ads
53f1d034-a6c9-45dd-9e9d-016b6e7d4a2b,Anthony Dougherty,kwright@example.com,+2686733950,Our successful pull experience account blue care.,vip,allen-martinez.info,HU,free,ads
b082b2a3-138c-452f-b02c-af04461b3b18,Kelly Lee,charles87@example.net,+5998121655852,American although require sound mind chance throw.,"vip,churned",luna-gallagher.com,BD,pro,organic
1cfe8b0d-4936-405a-8159-af1e00aecd76,Luis Kirby,william88@example.com,+129933097289623,Affect finish charge real improve.,"churned,b2b",murphy.com,DK,pro,ads
1e438b90-db03-403b-9e9d-1b493a5319ca,Daniel Nguyen,ufox@example.org,+6855854973348,Side relate real major look.,"vip,b2b",knapp.com,MA,enterprise,referral
9cd83c4b-f998-4c36-8f28-3a232503853b,Jamie Baird,stephanie24@example.org,+31557473384842,Anything toward difficult do beyond.,internal,peck.com,TO,free,referral
7349ef6f-b135-458c-9bc0-806b8e68e1ec,Vanessa Moore,mwoods@example.com,+440619380262067,Across nothing blue.,"new-customer,internal",love-garcia.com,AF,free,ads
b22acc1c-2c07-4bac-8213-91c20ef9af25,Todd Rosales MD,lisarivera@example.net,+7423054932966,Protect continue cell food easy end.,"new-customer,premium",mitchell-hays.net,SL,free,referral
8bbdfb9a-79bf-4857-9eb2-fa67ed7674ca,Laura Green,heather01@example.com,+42698414593327,Health reduce tree serious soon stay seven quite.,churned,griffin.com,KI,free,organic
edcd6233-7bbb-4f24-9bcf-f0ecfa7a0a82,Ashley Poole,ashleyhernandez@example.com,+971239718707286,Left southern rich how staff second official.,new-customer,marks.com,BO,pro,ads
320053bc-2cda-4b4b-a399-da6ccb62ba23,Taylor Jones DVM,mitchellhector@example.org,+2319069033119,Public the each analysis keep music senior simply.,,henderson.com,SR,free,referral
8a448e2e-31b4-4b6f-9a13-ae8a026e5cae,Laura Barton,joel28@example.org,+744808926870568,Chance heavy senior list support feeling.,"premium,churned,internal",gordon.com,ES,enterprise,ads
7c692ba7-bddb-4666-b355-e4e768c28ab7,Brandi Sanchez,markmiller@example.com,+5189304699013,Thank four whatever address view.,"b2b,churned,vip",thomas.biz,NI,free,organic
ae0038ff-bf2a-48d5-8e74-96116bc9cb18,Christine Herman,kimberly67@example.net,+175484587717535,None determine certainly.,b2b,wilson.com,MC,pro,referral
9ed6abf1-34c3-43d7-8960-db01264ed333,Gary James,victorpena@example.net,+247377252287280,Share include successful.,,tran-silva.biz,KE,pro,referral
0fb7404a-cd99-4d72-ad20-6584a1c3c82d,Jacqueline Williamson,bhopkins@example.org,+12868008484,Blood benefit chance court.,churned,jones.com,GM,free,ads
783ae115-ed6c-4abf-bf53-aa8a2b4aa79d,Judy Sanchez,kevinclayton@example.org,+180176668700217,With wind thus try discover top realize.,churned,king.com,MR,free,referral
c14d7062-7b9d-4495-81da-e0fabadca96e,Amanda Mcfarland,alexis39@example.org,+7632159996,Situation late direction need heart.,,alvarez.com,ST,pro,organic
5eceedd4-1618-40be-b439-9f95a6010fa9,Elizabeth Wright,millereric@example.net,+142635511047541,Issue news mention billion.,"new-customer,premium",frazier.biz,BS,free,referral
dc3cc2a0-6ddb-4dfc-b06a-3a59d57c3187,Sharon Smith,fhughes@example.net,+16396826224,Certainly cold every feel site guess want.,"premium,internal,new-customer",gomez.org,US,enterprise,referral
69ceef61-bebf-4c05-b01a-8f32af718eb2,Travis Cook,vbrock@example.com,+969524593752654,Heavy staff hotel box nor or.,premium,weber.com,CR,free,organic
ff4e4d51-2380-4c29-9332-1800eeacb2bb,Robert Guerra,fuenteslaura@example.com,+14052891135,Worker quality hundred sell whole involve action.,"new-customer,vip,premium",white.info,KN,pro,ads
ee75fa55-021f-4987-9741-7eeaca7d9b04,Connie Brooks,lbarton@example.net,+925507146112545,Lot live just recent five feel special.,"churned,new-customer",walker-burgess.net,TT,enterprise,referral
19f9a98b-7216-4e06-bea5-6a4905ff2225,Tara Yang,andrearivera@example.com,+8368226609379,Relate day sell.,"premium,new-customer,vip",johnson.com,GD,enterprise,organic
a4fd9ab2-df7a-4a7b-9ae3-c0488ed520d2,Jim Baker,orose@example.com,+13694691557924,Brother figure consumer really memory industry.,"vip,internal",ray.com,MM,pro,referral
a06f80c3-b6a8-45a4-a8b5-6e959b104496,Melissa Brewer,angelaburns@example.org,+5578905072,Measure manager range indeed style major bar.,"internal,churned",andrews.com,RU,enterprise,ads
bdf23163-1167-49a1-ab79-a58f8953a6a9,Joshua Jackson,xcunningham@example.com,+12819914858,Despite interesting save president easy themselves allow.,"new-customer,b2b,churned",flynn.com,AU,pro,referral
9c460779-753d-4c9e-a7bd-5b056c28d33c,Cynthia Cochran,michelle96@example.org,+17236309584982,Of weight method too spring.,"churned,premium",bailey-montoya.info,CL,enterprise,organic
548058b1-a60d-4b52-8d98-0f7088dd58f1,Beth Cline,dustinmorris@example.org,+95960175186363,Stock front official not magazine gas.,,estes.com,IS,free,ads
f6346c61-5315-452c-8d00-90e4fffbac8c,Scott Alexander,braunronald@example.net,+4422415415,Personal rise sense investment before believe.,,farmer.info,AM,pro,organic
e31ff467-a572-4fa7-91fd-6e7f6e348f27,Jill Smith,lisa62@example.com,+4368111554,Political quality attention none.,,woods.org,GR,enterprise,ads
e0e08425-6b8e-47b4-906c-204440b049c7,Jessica Robinson,taylordavid@example.net,+65625234138999,Day parent country hot position.,"new-customer,premium,b2b",santos.com,NG,free,referral
d667dd89-3246-4165-9c23-c9173c7b4a16,Andrea Oneal,hatfieldsarah@example.org,+59625827109104,We huge expert Republican.,,simpson.com,SB,pro,organic
c1d562a7-101b-4145-840e-c82b5c2d3da9,Diamond Collins,terrimoore@example.com,+29164630316179,Budget remain reduce clearly.,"premium,vip",henderson-morales.net,SO,enterprise,ads
313f34c2-1130-4397-9c29-5382d5517add,Paul Marks,wiseanthony@example.com,+4817491778507,Effort bill off reveal.,,mills-logan.com,DM,enterprise,ads
4b17a2a4-4c8d-44a1-a054-3d6469a4da42,John Reyes,haroldhorne@example.org,+17633536541,Pull apply development middle animal husband theory.,,yang.com,AL,pro,organic
978a11a8-8644-4b26-9433-0e08b66a1839,Jacob Carter,jodi37@example.com,+140560641383670,Analysis discuss suddenly including.,"b2b,vip,new-customer",ayala-collins.com,TG,free,ads
154b75d0-bc5c-4f89-82fa-841260feaee1,Mandy Foster,grahamtamara@example.org,+34546557431329,Clearly letter image movie.,"premium,new-customer",ellis-adkins.org,BY,free,ads
2d4e4397-5f0f-4340-8236-742042843e10,Robert Torres,lewismelissa@example.org,+2358680442,New nearly behind big soldier building article.,"internal,churned,vip",hayes.com,CL,enterprise,ads
f93484fe-15af-4586-97d7-937a9978c0c7,Maria Aguilar,samantha10@example.org,+4728151070,Many him interview government traditional every.,"vip,churned,new-customer",anderson.com,LA,free,organic
916b51d0-af15-4d7a-932d-89af3f5345d1,Edward Jenkins,rbrown@example.com,+9639838065,Tree maybe home conference five despite.,"internal,b2b,vip",stephenson-johnson.org,VE,enterprise,organic
5100e5fa-3114-471c-8a02-a11abed66c89,Yvonne Dickson,wrightjohn@example.net,+7035930870,Future concern sort than.,"premium,new-customer,vip",brown-frey.net,MK,enterprise,referral
c82bfaeb-85bd-437d-ad3d-96d7ab4c5c43,Shannon Yu,janet69@example.org,+445822675289539,Safe family concern ability reduce.,"b2b,internal,premium",johnson.com,CG,enterprise,referral
b56444c4-97ef-4e85-9c76-e50d0e7ce34e,Tammy Ponce,daniellegarcia@example.com,+9512355215,Decide really go skin result.,churned,myers.com,EG,enterprise,organic
dd5c414f-d575-4358-acdc-afc40aec7a8d,Katherine Gray,egarcia@example.net,+143287104054115,Rule natural together behavior.,,cruz.biz,DM,free,organic
d711d403-67a5-42d9-9181-4c70f388eb28,Steve Moore,riveraterri@example.com,+3502614973,Color factor bank such final.,,galloway.biz,TD,free,referral
cd249591-22ce-48e1-acfd-76a0c45bcdbb,Jasmine Watson,cwood@example.org,+8775434902115,Article hit mission whole reach view of.,"churned,vip,b2b",ruiz-jacobson.com,BW,free,ads
6c95b1b8-3e65-467a-8170-e1265138dc68,Kenneth Black,davidtodd@example.org,+4336206163,Treat trial attack hold however for.,new-customer,alvarez.biz,LC,free,ads
2ef4d90e-bd21-48e0-85b8-7fb1cf051e8b,Kelly Barnes,khernandez@example.net,+127989702462996,Real any little environmental head full.,premium,stone-stark.com,ME,enterprise,ads
9951968b-e683-4c30-8d7a-81857f0fabe4,William Ramos,joseph69@example.net,+4373367850,Remember idea sister modern notice.,"churned,b2b",collins-cameron.com,GT,free,referral
ebf1ad89-6bc0-403b-90ee-0c9a27d031c9,Anthony Ward,joshuacolon@example.net,+71043579727985,See read expect hit clear.,"b2b,vip,new-customer",lee.com,HU,free,referral
e451f8df-91ec-47f6-b710-28da2b8c6c87,Matthew Palmer,wellsdavid@example.org,+15039494466574,Quality station however bill memory.,"internal,premium,vip",chan.com,GD,enterprise,ads
82b2f201-01e6-4efb-ac97-9792d819a571,Michael Olson,vanessa54@example.com,+164362830965207,Identify say on yes staff gas.,"internal,vip",levy.org,UZ,free,ads
bd380706-986a-4e2a-98b8-2973920d70cc,Christopher Sandoval,kellyruiz@example.net,+6826513534655,Surface like term on want author threat.,"churned,b2b,premium",walker.com,SD,free,ads
5b81247e-9a41-40e7-ba69-7a4a50bd6b01,Brittany Gay,robert97@example.org,+421975250074329,Can its investment investment.,premium,wilson.biz,BF,pro,referral
069a0910-015c-4b57-9242-047b3c31b4d5,Adrian Morris,andrewsmith@example.net,+6354421689,Statement fear fact road.,internal,reyes-johnson.com,ES,pro,ads
7fa99677-4498-4668-91f9-2124a3a2690a,Katherine Christensen MD,osmith@example.net,+8306982150,Perhaps order answer blue structure answer break.,"new-customer,churned",warren.com,LV,free,referral
d8aebd5c-692c-4bcd-88f1-1e437ca12130,Michael Mccoy,robert18@example.com,+15925618914117,Story win group important civil.,"premium,vip",james-kelley.info,ME,pro,ads
9c3d013b-b646-4372-ac58-93ba522e4a57,Michael Meadows,fhernandez@example.net,+3144374470,System growth quality.,b2b,crawford.com,GW,enterprise,organic
18deaadf-93a1-45bc-b30d-d10bfccd97db,Mary Jackson,patricia94@example.net,+8559216674,Power someone both receive around wall.,"new-customer,churned,premium",rodgers-davis.com,AG,pro,ads
2b66f28b-1ea5-4e4d-b47e-e4e9a297f6d3,Catherine James,cheryl27@example.com,+5677014508,Mission red believe product eat generation put.,vip,garcia.info,TN,free,referral
a35bb7d5-912c-49d9-97fa-b758b0b7243d,Timothy Wagner,kchristian@example.org,+708280199488375,Such forward should outside respond.,"b2b,internal",hernandez-serrano.org,BF,pro,referral
ee7c887f-674d-4a54-bfd4-6dd35258e5ad,Ronald Brandt,amy51@example.org,+3728614933,Lead sit response blue increase.,premium,baldwin-wilson.com,AD,enterprise,organic
a137fac8-5a33-48be-a727-3904d914960a,Tina Taylor,vsmith@example.org,+13698782922,Paper focus thing industry participant realize eat huge.,"new-customer,vip,premium",monroe.info,PK,free,referral
f5ccab91-969c-49bc-918f-9017781bc5c6,Michael Goodman,megan85@example.net,+13792968460,Certainly prove customer seek claim expert.,,waller-chavez.com,CU,free,referral
8c454fb5-1c57-4de9-8b81-11ce43cafe8f,Amanda Cervantes,jensenemma@example.net,+8867384066,Approach season data than team kitchen difficult.,premium,thomas-brown.com,GA,pro,ads
dbfc3548-7317-447b-93a6-47af896c1648,Patty Brandt,shane12@example.org,+7203259094798,Moment whatever minute skill city myself.,"churned,b2b,vip",bush.net,SZ,enterprise,organic
fa7cfdf3-135f-470e-aa77-e968b6b48b9a,Isaac Robinson,wbarajas@example.net,+7158739930,History music executive treat.,,davis-walker.com,HR,free,organic
272eee23-1ab1-43bc-aeb9-ab4fb0956ef5,Matthew Flores,vaughangary@example.net,+18013336138,Agency response also available.,,robertson-hicks.info,BD,enterprise,organic
ac23fa5e-c566-43f1-a614-2c3660be5554,Susan Russell,bmccoy@example.com,+3617809190,Blood skin feeling beat she join house.,,bauer.com,TR,free,referral
517f2eec-6dc9-45e0-9da6-372649092462,Mark Evans,susan08@example.net,+3106099688,Security tough gas include position.,"internal,b2b,premium",johnson.biz,ST,pro,referral
edd1001f-c613-4787-be44-0161903f8b9e,Michael Bradley,yorksarah@example.net,+4815414139755,Expect attorney cover magazine.,"premium,new-customer,b2b",thomas.com,FI,enterprise,referral
0b49d542-f5de-4433-810b-bc68c6ee0093,Holly Stewart,ujackson@example.org,+7646525777,Necessary compare parent success teach cause Mrs.,"premium,vip",jensen-torres.org,DE,enterprise,referral
9f2dda1f-3805-4fd2-bb6b-7ce5d103f31e,Lynn Hess,nhammond@example.org,+16484872563,May bed hair action draw who word.,"churned,vip",gross-sims.com,AM,enterprise,ads
d68c683d-f124-48a3-ad29-6ee5cda7e7af,Mary Faulkner,ccrosby@example.org,+135168449892665,Win development image stage generation society.,vip,martin.com,TM,pro,ads
8946b121-a7ee-4c9d-a5d4-c41e8aea5263,Diana Hernandez,michaellove@example.org,+9869990413,Color store over some star consider process.,"premium,internal",smith.com,BO,pro,ads
6805a9d0-a231-4e20-8604-25dc65767845,Crystal Cruz,smithalexandra@example.net,+18807686508637,Source traditional student office international effort she travel.,"b2b,new-customer,internal",jackson-jennings.info,UG,enterprise,referral
652913bc-8ccb-46f7-b327-113e74632fa3,Michael Clarke,meyernicholas@example.org,+20182796114351,Pass minute represent our watch star.,"churned,new-customer,premium",campbell.biz,IE,pro,referral
a03ac4e8-fad1-48d0-88c8-f4341f7b5514,Richard Dixon,christinacraig@example.com,+5022146566,Try near risk next.,,snyder.net,JO,pro,organic
662cfa1c-7a12-42d3-b53c-a63ff50e31a3,Jared Smith,richardrodriguez@example.org,+745918489476973,To television loss election him small detail.,"churned,internal,vip",bailey.org,FI,pro,ads
6d56cbe0-7a9a-4e15-9b0a-6c7493c86f47,Ronnie Wright,rosskaitlyn@example.com,+4825755394,Say dog drug enter director strong student.,"premium,new-customer",hall.net,SO,pro,referral
d2faf033-26b6-4f60-916d-75f345acc4f7,Katherine Smith,charlesnathan@example.com,+89497284639208,Allow girl team simply lead build million.,"b2b,churned",moore-rodriguez.com,GD,enterprise,ads
533526ab-92ba-4b16-aa50-d726494f27c2,Erika Salazar,jacob43@example.com,+99545276365564,Capital office direction between establish dog it.,internal,norris-smith.com,MU,pro,ads
a4d47610-17f5-4e5c-bffc-72a5f604acf0,Cassandra Porter,kristen44@example.net,+189966112535544,Sit voice security minute late cold.,new-customer,gonzalez-marsh.com,PY,enterprise,organic
a985a945-f683-4253-be15-03259614d1cd,Angela Jackson,davissharon@example.com,+14003681149,Finally easy exist phone capital stuff.,"vip,b2b,internal",martinez.com,CH,free,organic
8e6696fe-8f0c-42f3-9a87-654a925b19b8,Seth Donovan,staylor@example.net,+7999796884,Dinner become film include choose action model.,,johnson.com,PY,pro,referral
ce04fd46-db34-40e2-b486-85986b523af9,Katherine Campos,albert64@example.net,+5084536866,Stock determine bad personal might son.,"churned,b2b,new-customer",cooper.net,AG,free,organic
5cc16048-3eac-43de-b5fe-24d983771fac,Scott White,daniel79@example.com,+6976350208021,Resource road do character.,b2b,aguirre.net,IQ,enterprise,ads
7a7c2821-598a-495e-be7b-c4d91e5853ab,Rick Rivera,brianrowe@example.org,+18729346013,Scene almost leave side miss.,,robinson-fisher.info,MR,enterprise,ads
198c364d-333f-4e87-a162-96c367414af7,Nicholas Garner,kingdanielle@example.org,+8035136502491,Why ok real.,"premium,churned,new-customer",kennedy.com,LI,free,organic
6e588b51-f558-4ea9-b436-4d3e79d3809a,Luke Galvan,browndeanna@example.net,+15122735857,Group care together magazine join far.,internal,carlson.com,SB,free,referral
175d2737-ed84-4742-a4da-fd8f064fa864,Sean George,caseymoore@example.com,+5857708620959,Probably much hold model.,"vip,internal",henry.com,ES,enterprise,organic
0b191211-5adb-4582-8253-2d6d3f828ab5,Frank Davis,williamssharon@example.org,+9316731096,Hand paper audience.,,cannon-moore.com,LI,free,ads
dc5822e0-30c1-443a-af13-3c4d357d6ae7,Justin Hurley,yshort@example.net,+3943801413,Mother country moment eat personal.,"premium,churned",rios.info,DZ,enterprise,organic
2e9938f5-4557-47b7-8e5f-af1f2e6cbbc3,Mark Howard,bpark@example.org,+9287685289,Nearly you suddenly include plan step.,,hansen.biz,AE,pro,ads
7ef8cacf-7899-46ba-b2e3-efcaf8f3b131,Tammy King,zwest@example.org,+17884992107,Enter threat economic eight.,b2b,franklin-hart.com,MT,pro,ads
df0e7f90-2af9-4196-b96c-a5acf6ed0ae8,Frederick Olson,spetersen@example.net,+461739060480589,Recently check purpose young wife send offer.,"internal,premium",davis-ross.com,ES,free,organic
a86d2b8b-9d0f-4493-bd65-682eb68ba836,Bradley Duncan,kelleyjose@example.com,+562527837693898,Entire involve range office.,"internal,premium,churned",walker.biz,CY,pro,referral
cad488b2-3e2f-45d6-bafb-c8335d135194,Gregory Rios,gary59@example.com,+14276033521103,Gas sound figure.,"new-customer,internal",powers.com,MG,free,ads
ad4cf265-c17e-4b78-91e9-5042530f1a8c,Joseph Green,jdean@example.net,+3017645104636,Term mother cost may leader unit again.,"new-customer,churned,vip",johnson-clark.net,GH,pro,organic
2209ca3a-46a2-4046-b69a-36ff4d2e2427,Christopher Reed,michael43@example.net,+3048608432562,Whether partner personal dinner drive check wife.,churned,nielsen.com,RW,enterprise,referral
8ba855d8-9230-477f-8176-511363262202,Rebecca Huffman,haley82@example.com,+57452312209949,Reach grow read live maybe.,"vip,b2b,new-customer",murphy.com,TT,free,organic
352ab598-b0ef-44bc-8f6d-17d3da194076,Christopher Perez,aduran@example.com,+233831279757366,Hour voice occur movie political region.,"vip,internal",harrison.biz,RW,enterprise,ads
629816da-6437-4685-ab8f-0383df9df704,Danielle Medina,grantzachary@example.net,+8346764472,Try ready tough less position bed may conference.,"new-customer,churned",meyer.info,BB,pro,ads
ad1f20c5-5e05-47e3-a866-e9db62bd40dc,Christopher Garza,nicoledavis@example.com,+14602259222,Final role which eye Congress together.,"new-customer,b2b,vip",pace.biz,LI,enterprise,organic
748952f4-0a7d-42da-8fcb-8eab2955d7eb,Mr. Robert Franklin MD,briannaalvarez@example.com,+4194903849830,President already take project.,"b2b,premium",smith.com,PK,pro,referral
02fb2b8b-7ad4-48cb-95a3-f0870091f64a,Duane Guerrero,tammycurry@example.com,+3146556168,Care reason ever money modern receive partner.,"premium,b2b",evans.biz,EE,free,referral
13783e4f-96db-4523-83b6-7de2838c9f24,Mr. Timothy Andersen,ronald54@example.net,+18342301071396,Glass south defense political real effort.,,duncan.net,BT,pro,organic
0bf22fe5-61c0-4339-948e-220e5415e9a6,Ashley Cook,nramsey@example.org,+4359577027,Time leg sport until argue minute north.,"premium,new-customer",parker.net,LI,enterprise,organic
d9108b17-8240-4732-9932-9d5604501261,Chase Pittman,tonya82@example.net,+15627914504617,Stop few modern company hear also dark.,b2b,stewart.com,MH,free,referral
a232517b-d243-47a4-ab3d-60791f287c8a,Gerald Webb,kimberly21@example.net,+5846094353,Mother significant provide evening church.,vip,wallace.info,SC,pro,organic
ec0d0f28-1999-4f4b-b5ad-b63347253fdd,Joshua Dunn,donald49@example.org,+2149958702,Black approach interview.,b2b,smith.net,SG,free,organic
69fd6969-7d61-42f0-ad9b-2016bd49df61,Gary Gonzalez,beltrankatelyn@example.com,+9942562557,Little goal leave color.,"vip,b2b",bush.info,VE,pro,organic
6f685b18-a2c7-4bec-92ba-fe2154d1c809,Rebecca Nguyen,sparksamanda@example.com,+3969695832,Option leg never state.,,munoz-anderson.com,NA,pro,organic
94846c02-fb2d-4c7d-8849-55efe2dab634,Robert Wise,pmurphy@example.net,+6138290227,Official crime race first now tree fight wall.,"new-customer,churned,premium",parker.com,US,free,organic
720d7c27-534b-4974-b14b-eb4d66815b63,William Powell,melissabrown@example.net,+8087514036,Image itself deep community cause new.,vip,robbins-herman.com,TV,enterprise,organic
586eb737-4279-4343-83b2-65a660e08bfe,Matthew Thomas,ibarrett@example.org,+8679969278,Green control painting official suggest door.,"premium,churned",larsen-moore.com,CR,enterprise,organic
faf09a4d-643e-4289-ba9e-5129775ef834,Michele Wilson,fnixon@example.org,+280677879565442,Employee picture official of prevent factor say.,,adams.com,AZ,enterprise,referral
f81d5ba9-c92a-482d-9335-f909f4f0e44f,Richard King,joshua40@example.net,+5929927524,Son television garden base.,"internal,vip,b2b",mitchell.com,SD,pro,referral
d2c502c9-f8f3-48bd-a62a-ac9ba700d41c,Patricia Young MD,jasonnavarro@example.com,+9415027674,Raise hope enjoy most itself eye.,"internal,premium",larson.info,GB,enterprise,ads
a0c5d4d6-5652-45a6-88c3-d7af0faf2566,Anne Schmidt,stephanie69@example.net,+7544414967393,Natural pull story activity best billion.,b2b,reyes-stewart.net,KZ,free,ads
2be1bc68-14fb-42a2-8219-b981aec43671,Manuel Brown,stephanielittle@example.net,+6196269212,Produce away law yet show realize property.,"churned,b2b,internal",bell-hardy.com,FI,enterprise,ads
36161435-d344-4b6b-90d2-8167ca584068,Gary Brown,gregory17@example.org,+16623712863917,Authority number economy.,,scott-norman.com,BH,free,ads
fe40ffc0-9e44-438d-88f4-3d7f439873f9,Deborah Graves,gandrews@example.net,+81834787005050,Southern project learn question them.,"vip,new-customer,premium",smith-jimenez.com,AZ,enterprise,organic
0b35d463-4827-4122-b18e-a827cd6c6328,Katherine Smith,sanchezdeborah@example.org,+3043179291,Organization past as dark front structure scene.,,figueroa.com,AZ,enterprise,ads
65c8d775-f782-4e25-89cb-3d8b05963bde,Russell Mcguire,watkinsmatthew@example.org,+3268258273902,Administration main according conference.,,nguyen-daugherty.org,ST,enterprise,organic
1ecb128e-74d4-4e3b-bd5d-d5fe24d23cbc,Rebecca Alvarez,jamiebowman@example.net,+7638290927914,Newspaper court worry.,vip,mann.com,NI,free,referral
204e2488-c1e0-4edf-bd76-ee0c8eac11fe,Mark Clark,leelaura@example.net,+97222005436459,Science understand compare size.,"churned,premium,internal",montgomery.net,GN,free,organic
1382398e-d450-4c98-ab8a-8045400a91bb,Kevin Barnes,jerry15@example.org,+9362363179,Certain until lawyer hold carry rest.,new-customer,robertson-jones.com,WS,enterprise,ads
1c928417-3dda-450a-b054-e908fc7e286b,Diana Rodriguez,kellis@example.com,+3498292983,Majority yet option student evidence role save.,"premium,vip",howard.com,MD,enterprise,referral
089bcbfb-a568-4b6e-8a54-1bf04c7b7326,Leslie Hernandez,butlerbradley@example.com,+4259431074,Section agency lawyer sign them if smile.,"new-customer,b2b",wright.org,GN,enterprise,ads
cbaf8c98-25f7-4354-8e7a-881d2a3399f8,Steven Cook,phillipskaren@example.net,+18897319508501,People half compare next attack remember daughter.,,sims-padilla.com,YE,enterprise,ads
d5852b79-0895-4a6e-b318-de163e2585bd,Lauren Haley,karenhodges@example.com,+3489640155778,Question mouth factor per son war speak.,b2b,allen-wilson.info,LK,free,referral
60565d9f-149a-40a9-be92-510bcfc6791c,Christopher Mullen,rodriguezjoshua@example.net,+4729380468,Information scene again country against soon.,internal,lopez.com,BR,pro,ads
d7ebaad7-f724-46ee-8a3d-a93b789fb7ce,Melissa Wilkinson,kellis@example.org,+42463754025472,Win stuff realize project.,"premium,b2b",newman.com,RU,free,ads
eb6b0bbe-ab78-4f06-ae87-d2a89643f671,Jessica Wood,annajohnson@example.com,+4259782841067,Choose wife national medical positive far.,churned,martin.com,LB,enterprise,referral
0e758d0a-c216-424d-b2f3-b6a9c14074d8,Keith Meadows,hmorgan@example.net,+70228140693751,Political on develop very everyone against Mrs knowledge.,churned,montes-webster.org,TL,free,ads
88e7a821-759a-4f8b-afb9-e521d4d6fd1d,Kayla Brown,raymond65@example.com,+9046554781376,South wife interest to.,,rosario.info,LB,pro,organic
b394f6e9-adab-414b-ac8b-e65d211b80e3,John Dillon,carl96@example.org,+5644628792,Face make state few one management.,,houston.com,CV,free,organic
78e56410-1890-47ce-8fb8-58fc511680e0,Sandra Kennedy,robert73@example.org,+8476195979,Rather window stand health run adult employee ok.,internal,ford.com,KG,enterprise,organic
fa3d851c-ae5d-40c3-bf6a-cd3b6a7c2808,Dominic Barnes,brandon48@example.net,+7836219285,Rate read benefit oil statement.,,flores.com,MK,pro,ads
129c19d9-f319-45b5-8b31-e61bb5c8c258,Thomas Martin,ericwalker@example.org,+13984881671,Look find guy.,"premium,new-customer,churned",taylor.com,RU,enterprise,ads
0d9d0e3e-f417-411c-8863-00255c1bfe93,Alyssa Olsen,davidbenson@example.net,+2429321611,Amount blue soldier message arrive budget.,"b2b,churned,new-customer",preston-harper.com,EC,pro,ads
d8cb06d4-1cda-465d-a4f7-726a2102ccaa,Caleb Guzman,jackbell@example.org,+3493552893,Shake more respond who commercial senior above rise.,vip,williams-turner.com,TW,free,referral
074933c1-f179-4035-8cde-6e84e1bfcc8f,Cathy Nunez,whitemichael@example.com,+638236151718275,Foreign break exist outside.,churned,knapp.info,MM,free,ads
cf3ccf90-946b-4ebd-8f7f-661f5353977e,William Patterson,jacobsonleah@example.net,+8203716781126,Ask window full organization.,internal,mcdaniel-randall.com,TG,pro,referral
65c7979d-d8da-4f84-b435-8a1be7ec342f,Pamela Wheeler,qkelly@example.net,+27834271147732,Store marriage ago.,"new-customer,b2b",martinez-massey.info,IT,pro,organic
e78cf1e5-37b2-4992-971c-3aa4775d6795,Marcus Wolf,msparks@example.com,+87790028427624,Notice make network much.,b2b,reyes.com,DE,enterprise,organic
c5a35b68-53be-4c23-a6f6-adc3bd283468,Johnny Arellano,katie45@example.org,+8903255905,Generation group goal product easy possible.,"b2b,internal",alvarez-dickerson.net,BG,free,organic
942b0e44-8064-4a3e-999f-838c8187a4c7,Joshua Johnson,abradley@example.com,+3799056965,Real day market specific.,internal,miller.com,LU,pro,ads
b732956c-ff7f-4993-b38c-60bbced0ac62,Ryan Cobb PhD,karlwilliams@example.net,+83951919541987,Somebody prepare few sound item music.,churned,morgan.biz,FR,enterprise,referral
e393d78b-692c-4207-8dde-f9235754fb19,Phillip White,burtonzachary@example.org,+6726324665136,Either over image box.,,perry.org,SG,pro,ads
df2dc818-1202-41d9-b749-4207ddcc90f7,Jessica Lucas,harrisjoseph@example.org,+3488207001594,Public though however style successful door.,vip,johnson.info,RU,enterprise,organic
63042c8c-f917-46bc-bc27-907c083cf754,Stephen Young,mejialawrence@example.net,+14517586734,Resource start again whom paper success production.,premium,navarro.org,SL,pro,ads
2b5a6367-b111-4968-91ed-86c495b841d3,Ellen Mullen,rebecca18@example.org,+7608644134327,Ever bag single.,,vazquez.com,ID,enterprise,organic
af9f2428-7ad4-4926-82d9-e20b4f02be08,Thomas Garcia,hollyhunter@example.com,+798357002720634,Citizen might wide store.,"new-customer,churned",ruiz-gutierrez.com,VC,pro,referral
eabc3e8a-98c7-4ae3-b0b4-82ca48f49f2e,Shane Anderson,graceserrano@example.com,+2162526693,Positive phone trade wind cup red collection.,,bradford.biz,LB,pro,referral
a93dc3d6-3908-4c0a-becd-502840bd2ec6,Carolyn Bradley,higginsryan@example.com,+6073256366,News appear use likely.,,williamson-burke.com,BT,pro,referral
8d5851cc-b760-4732-b781-7fc965121edc,Amber King,zturner@example.net,+4283092428757,Report item employee finish without material.,"b2b,vip",barajas-crosby.org,KN,enterprise,referral
62035f5b-9944-44b1-8007-29d5fad80822,Pam Baker,ryan25@example.net,+42897032032074,Break time manager kid writer night.,"vip,b2b",adkins-howe.com,IN,enterprise,referral
67e5c058-339c-4fcc-b4c1-925c80efc90f,Dalton Mitchell,karencarson@example.net,+7972592304,Natural own begin effort.,"churned,b2b",vasquez-singleton.com,CM,enterprise,referral
aadc23ab-fb85-4eff-a7ed-dd92640d3fc8,Carla Chan,deborah21@example.com,+96469251583776,Outside bed institution happy control piece behavior.,,hanna.com,AO,enterprise,organic
15281394-bd07-4845-bbe6-5d40e3a6d06c,Maria Miller,zkim@example.com,+32284386490810,Behind produce nothing effect effort bank.,"vip,internal,b2b",peterson.com,SA,pro,referral
d326b112-b291-434a-bd21-d2b94c5c0094,Jason Bush,brenda77@example.net,+2528321941680,Actually pretty least if.,new-customer,smith.com,MX,enterprise,ads
591d067b-8ce6-475a-99a5-69cbca810490,Michael Vaughn,fballard@example.org,+4035103037,Success teach Mrs beat show challenge.,"premium,internal",church.org,VE,free,ads
9be95b32-b5e9-48fe-82bb-356dcfe091dc,Tracey Ruiz,mrichards@example.com,+76738997308069,Throughout individual list manager voice.,,johnson-martin.com,SZ,free,referral
9fb9fc7c-73f9-4492-9e7a-59602a3a23d6,Julie Kim,brianacohen@example.net,+6235297167,News yourself grow end quality.,churned,west-graham.com,JO,enterprise,referral
e5e512af-ebc0-437d-8203-43a9c9b1774b,Brian Perez,tomchaney@example.com,+712413524787125,Summer keep indeed shoulder.,"churned,new-customer",clayton.com,BI,pro,organic
9c2275f1-1e44-496c-bc98-f77271a293e4,Angela Watson,qward@example.org,+7862326667,Certainly act south want be fire.,"b2b,internal",davenport.com,JO,pro,organic
9160d876-a0a3-490c-abed-ce01f712ff8a,Brittany Andrews,robert84@example.net,+156334108562884,Necessary miss serious civil agreement someone or.,churned,hamilton.com,HR,pro,organic
42c00044-4168-427f-8973-ad8fc68d43b2,Anthony Watson,david17@example.com,+94932683158935,Republican stock bank artist.,,collier.biz,SD,free,organic
78de1fd9-af30-48e3-a8a9-7fbdce95ebe5,Jennifer Hansen,lwiggins@example.com,+136757622827728,List second want hard weight own impact.,"new-customer,premium,internal",alvarez.com,MN,enterprise,ads
5b51930e-9f7f-403c-9e46-e5a76dbd36a4,Jacob Ritter,kelly02@example.org,+8069794975,Car catch PM seven project chance road become.,premium,wood.com,SK,free,referral
3d79e076-50e1-4544-b559-bf34c15cb66d,Tina Wu,debbie20@example.net,+154891813989098,To build view conference affect skill early.,internal,beck.biz,LU,pro,ads
f58fd743-221c-4465-b1e1-87ec092fd845,Kevin Henry,morganhenry@example.org,+456641118242241,Question arrive which consider require fear.,,combs.net,UZ,free,organic
db646919-596b-436f-a5a8-3885b3f26e9a,Ronald Martinez,johnharper@example.org,+28886140578617,Trial affect never only big.,premium,flores.com,IL,free,referral
2943555f-9e84-40e9-815f-e8eb42afa285,Kathryn Patton,nathanielgalloway@example.org,+14682700794,Value lot our style.,"b2b,premium,internal",pearson.info,BS,free,referral
b010e86f-ce79-4379-a397-a00228a62174,Diana Martin,turnerrandall@example.org,+6849639855,Early work game least outside.,churned,kidd-kirby.com,TV,pro,referral
b03cd4db-05d7-4410-852c-1cd4db250c8f,Steven Chambers,speters@example.net,+86841180715695,By have cover.,"churned,vip",sloan.com,UZ,enterprise,ads
f6d2bf30-d4d9-4029-b460-e49cf5a3d9f1,Heather Davis,lindsey33@example.com,+9044793036149,Create school public owner compare open second.,"new-customer,churned",walker.com,KZ,enterprise,organic
966d0649-834c-496d-b472-8771ae7be238,Denise Abbott,braunheather@example.net,+19489706056641,Military analysis return another truth mother.,"premium,vip,internal",green.com,SK,pro,organic
1e8cd567-1bf3-47ae-8e1b-77dd09da4131,Wanda Perez,prosario@example.org,+7546110760,Blue draw future approach four.,premium,smith-lee.com,TO,free,ads
c0b778ee-662c-4ba8-86db-5a364a34a7c4,Lori Riley,villegassabrina@example.com,+612807049611080,Benefit sell do outside process action.,"b2b,premium",harding.org,OM,pro,referral
caafd38a-0621-4972-9bfc-e297fa14fa8c,Matthew Lowe,gibsonmark@example.org,+6107919392,Loss per control case analysis camera.,vip,marshall-patterson.org,VN,pro,ads
34f30e38-2bda-41a3-a353-80d16f66b9af,Patricia Hernandez,carrie45@example.org,+792503880653331,Reason word outside former official white pattern.,"vip,new-customer",graham.com,TV,free,organic
4af3f941-0295-4fb8-8a05-d002f896fc69,Aaron Walker,stevenlewis@example.com,+47379500334234,Early cultural compare energy big story case.,"churned,premium",murphy-garcia.com,SA,pro,referral
aa1cc379-39a6-477d-9696-f615e9feda5f,Robert Guerrero,ejohns@example.org,+8235386559,Several onto take.,,cobb.com,PH,pro,ads
bd2abbe7-9755-41ea-9685-61908e6b1f82,Shelley York,fclark@example.com,+64986903337363,Number very hear nearly care base.,churned,clarke-murphy.com,ZM,enterprise,ads
60c546de-04e3-43cb-b563-22a02d4fe4b0,Gabrielle Hayes,zortiz@example.com,+346602734151488,Better author although customer cultural.,"internal,churned",stone-hall.com,PT,enterprise,ads
e06253db-2480-46cb-b42c-fedefebdc996,Yolanda Murillo,alan44@example.com,+96990782633373,Social fine could show recently decide.,"b2b,new-customer,vip",wright-mcgee.com,ET,enterprise,referral
fc5627b8-c787-4819-a35a-70591d848453,Elizabeth Rojas,wcochran@example.com,+2664684590,With yes nothing sometimes.,"b2b,churned",farrell-johnson.com,TR,pro,ads
0fc47b81-d2d4-4803-bd3c-07cc26e84ee9,Chelsea Rodriguez,tfowler@example.org,+5183209702,Exist do process attorney arm million.,,berry.biz,BI,enterprise,ads
d5bb0e20-5049-4a45-b071-c1f129a1a4b4,Betty Barnes PhD,nfriedman@example.org,+5469729949,Cut yard knowledge station painting.,new-customer,murphy.biz,DJ,pro,referral
4e1de8f8-7e96-4113-bc9c-104883c08dd7,Andrew Davis,treed@example.com,+89226329676291,Those citizen think Mrs project.,,fox.info,PK,enterprise,referral
c69fa2b6-7372-48e6-8569-ab5d1268c52e,Philip Martinez,charles18@example.com,+572843807017656,Action boy true.,premium,wolfe.com,SA,enterprise,ads
c5caf768-2c14-4969-b6fd-78d02457e43c,Matthew Reeves,rtaylor@example.org,+4093124186,Quality child group.,"churned,vip",santiago-marshall.info,BJ,pro,ads
07e83c33-afb1-4305-bdf1-a397884bfd72,Anthony Walters,myerskyle@example.org,+12002633533106,Star quite as when benefit structure.,,klein.net,GM,free,organic
5675799a-2a6d-4837-a953-25e1fa5a420c,Mark Weber,hmcmillan@example.org,+8155520650,Detail price everything perhaps analysis those in.,,jackson.com,LR,pro,referral
b7e307db-c082-4978-ad8a-3b2dc51ad705,Brandon Nguyen,xgregory@example.net,+9528571509,Political discussion onto write discussion pattern to.,,porter.org,DO,pro,referral
f4289e81-28dc-47ad-88af-6f34886b6dad,Chad Jimenez,edwardharris@example.org,+8976524508,Director run garden.,"b2b,premium,new-customer",young-patterson.com,VN,free,organic
8c25e7fa-9033-41d7-830e-968f47179f6c,Courtney Salas,isaiah01@example.com,+5305232129,Back right find return each computer eat.,,ryan.com,LA,pro,organic
fe991b96-8222-42c7-b06d-817f97821203,Karen Tapia,raymond27@example.com,+489662706614982,Less law heart paper author carry.,"premium,churned",ray-faulkner.com,IR,enterprise,ads
d57fc96a-4751-42c1-a960-7db7165d638e,Monica Brooks,zfrost@example.net,+5678491601692,Side seem give remember play.,internal,gonzalez-hendricks.com,AL,free,ads
b0dfa119-f516-4b0e-b215-28bc386a03ad,John Dorsey,crystal02@example.com,+18723439920116,Travel then coach interview reality may mouth.,"internal,vip",horton-curtis.biz,LK,enterprise,referral
b84ac0ce-d639-4c9a-a225-9e20cddd8b6c,Paula Cooper,josephclark@example.net,+44042701168646,Control care main me book note.,"premium,new-customer",willis-gross.com,CD,pro,ads
66842d54-50cc-483e-ada3-97c4a80f021b,William Savage,nsims@example.org,+192194161415093,Act entire western program.,new-customer,lopez.com,PS,enterprise,organic
8692ca78-14b2-403e-aebc-300a785761a6,Victoria Juarez,vkennedy@example.net,+255955356690551,Rise thousand catch own than evidence.,"b2b,internal",davis.com,MT,enterprise,organic
f0610b1b-c6cb-4a92-bf86-9bf95176fbbe,Cole Andersen,allen50@example.net,+573497691567164,Then size respond all marriage beautiful strategy.,"internal,premium,churned",walton.info,SG,free,organic
e86676c9-a64a-4526-99bd-0198884d6457,Cynthia Lewis,garciavictoria@example.org,+9563434712,The use short over popular help.,"premium,internal",archer.com,RO,free,ads
ea10a080-f17f-445b-baf7-187b88986a36,Courtney Wilson,rodriguezmatthew@example.net,+6192525690,Movie suggest woman floor half quickly someone mind.,vip,paul.net,NZ,enterprise,organic
ccaf4b29-f397-4a29-b636-2e9b3f882aed,Tommy Hood,jfrazier@example.net,+62089548149737,Wonder four still decision.,"internal,vip,churned",garza.info,KW,pro,organic
630a1edf-5751-4d9d-8c1a-1fa251115198,Elizabeth Briggs,vickiekelley@example.com,+775266184438612,Leader clear case receive fact.,,michael.com,RU,pro,organic
6df7dde1-608b-4593-ac72-154f1cd3f6e2,Heidi Chase,gregoryvanessa@example.org,+86240157201859,Reveal each budget however few other common seat.,vip,clark.com,LK,pro,referral
4046e31c-75b7-4f0e-a600-6116c1b58e80,Mark Wallace,wilsonchristopher@example.com,+198380999741926,Number between as training somebody.,,esparza.info,CF,pro,referral
53e33da8-7e3f-496f-8324-06636c1097d8,Kimberly Burnett,lbrown@example.net,+19264034084,Make fine treat you paper member reach.,"premium,new-customer",sullivan.com,MX,free,organic
322fad6f-ff18-4db6-b21d-a2834f0fdfaa,Lindsey Robinson,joshua96@example.org,+18444626714,Data picture especially plan population research nor.,,weiss.com,GM,free,referral
df06e36c-0677-4f83-b1a5-f9b5170ef378,Jessica Johnson DDS,nelsonamanda@example.net,+15616515542,Better woman develop.,,hoover.com,KW,enterprise,ads
3d05044b-d67e-4628-adce-95a4d1d80703,Elizabeth Nicholson,wdavis@example.net,+4884967924082,Nothing environment truth police have since.,b2b,patton.com,SL,enterprise,ads
c8686dc5-6f0b-46be-909b-60a58ae49bbd,Desiree Patterson,kevinhodge@example.com,+251811312901487,Usually carry marriage rate quality mother by.,"new-customer,churned,premium",franklin.com,PT,enterprise,ads
d1c83c6b-19df-4708-b48f-5ffb2dac8371,Joseph Reed,lawsontami@example.net,+638214474430963,Throughout summer arm accept leave fear blue.,,jensen.com,LC,free,referral
dacbecb1-d511-4310-9921-607a07443975,Johnathan Miller,robertgentry@example.org,+4436765456,Writer prevent keep cause.,"new-customer,churned",zamora-lopez.com,AG,pro,organic
2e15eaac-bec2-4d47-a83e-9d488d3f4f23,Andrew Foster,rachel23@example.com,+2258803056,Face magazine set easy check memory economic.,"premium,b2b,vip",hamilton.com,CG,enterprise,ads
f0248586-81d5-4386-a907-8931ec72822f,Christina Mccarthy,hayneswayne@example.org,+5924312604,Adult current ten herself modern record.,,lin.com,TL,free,ads
e01dcdac-08b0-496f-954f-4aceff90f01d,Maria Torres,michael56@example.org,+402600053474916,Hair fight best add necessary technology former.,"new-customer,internal",walker.info,BH,enterprise,referral
8bf82712-013e-4ada-b8e3-0df873c32d40,Donald Silva,eatondavid@example.net,+16109933711895,Move child campaign industry represent.,"vip,premium,churned",patrick.org,MR,enterprise,referral
780b3aac-6539-44af-9552-dd6cd399f539,Jason Velazquez,jacksonjoshua@example.org,+80980367881278,Parent deal about occur option across.,,hester.com,NZ,pro,referral
06c7cfb5-3232-4b2f-8ced-d63d139ae16a,Derrick Wilson,brandonallen@example.org,+172472403381059,Watch this enough card.,,gibson.com,GN,enterprise,ads
6e36e49a-fa66-440a-81ee-d478025c4c61,Vincent Thompson,medinatiffany@example.net,+6645983735,Picture teach house land role its chance look.,"internal,vip",phillips.com,MK,pro,organic
b12080b9-0d9f-4a96-9d18-949cfe213c8b,Terri White,andrew22@example.com,+30170023142900,Dark lose none know.,new-customer,white-lopez.com,ET,enterprise,organic
d5e1766a-49de-4901-8bef-137c531c6c57,Michael Burton,smithbradley@example.net,+61856203036625,Rather resource top man yard different.,,parker.com,HN,enterprise,referral
a17d1a4e-3dcd-4e49-b99a-9a985c67e2f8,Tamara Huang,gregorymoreno@example.net,+9627494514,Specific represent baby able value.,,howard-gilbert.com,ML,free,referral
ae644a59-b88b-4f62-bc4e-55082535fb4b,Nathan Floyd,hbriggs@example.net,+742415226557676,Himself near much manage movie.,,strickland.com,CY,free,referral
ba25ebb7-8bf7-4ad4-a89b-345453b2adbe,Melissa Goodman,youngaaron@example.org,+8875210552472,Still argue case while region.,,cruz.biz,SL,pro,organic
3bca8f77-4b96-4279-b93e-5fd8a254d38a,Brian Perkins,kmonroe@example.org,+4524131096,Sea security recognize federal in front sit.,churned,quinn-horton.biz,MR,free,ads
e9d62aaf-792b-4df7-8639-c0c957d2058d,Kathy Smith,dfrazier@example.net,+89043628917756,Sound position crime.,premium,smith.com,UY,pro,ads
e8586718-86a4-4302-bb61-07d41dba66ad,Douglas Weaver,lewisalex@example.com,+2839034199,Answer behavior final.,"vip,b2b,internal",garcia.org,LT,pro,ads
229b9b96-fde8-461f-bf76-c10f1ba7542e,James Kelly,jacquelinedavis@example.com,+7139322889,Fund growth task issue.,"new-customer,churned",walton-benjamin.net,FI,pro,referral
5b9b50d1-29b3-4d32-ac1c-0608c95a5dea,Christian Burton,adavis@example.org,+3129747472,Guy expert important.,"premium,churned,internal",schroeder.org,UZ,enterprise,ads
5aa7e8b9-f76e-473f-a2d6-2f0ead417428,Michael Hunter,natalie09@example.net,+8383021462,Hold left behavior letter politics.,"churned,new-customer,premium",stark.org,KW,enterprise,organic
b3163b02-d48d-440c-893b-fae1b209e1a9,Christina Murphy,matthew97@example.org,+6566730306,Base attorney if fear.,"new-customer,internal",rodriguez-white.com,MY,enterprise,ads
853c1bbe-9e12-4654-abc3-4fd80930c3e3,Anna Valenzuela,tabitha42@example.org,+5673782659608,Pattern food worry voice sea say first character.,"b2b,internal",hayes.com,ER,pro,referral
ca691a55-dda6-4c38-9348-65788aa7a4a5,Megan Baker,mcneilsherry@example.org,+177951033682963,Will officer add sport administration.,"vip,premium",peck-porter.com,CI,free,referral
4a1b5a2c-3bbd-46e0-a94b-2352a5dbcc7b,Mrs. Heather Clayton MD,daniel27@example.com,+3283928664649,Bed administration usually billion.,"vip,new-customer,internal",shaw-parrish.info,CF,pro,organic
07015217-62fc-4d16-b335-7f02ec27326c,Amanda Roberts,xlewis@example.com,+18612371576,Site medical environment probably film total.,premium,walton.info,SC,enterprise,ads
73acfbc6-0113-406f-ac51-6d7384260a9d,Christian Brooks,matthew96@example.org,+18634960962,Tough military join between song mean.,vip,nunez-smith.biz,AU,pro,organic
894d262c-d6a7-47a2-a2c7-5cca5f107f46,Frank Davis,kimcristina@example.net,+9097819602,Dream today father movement.,,ray.com,TG,free,ads
6505913d-4394-4f02-8907-1dcdc02d10b9,Bradley Thomas,littlebeth@example.org,+3793112442,Suddenly tree debate beyond somebody including main.,internal,barber.com,KM,enterprise,organic
872cd056-cd4f-4999-8d2a-1779622de19d,Rhonda White,bergerdonna@example.net,+16013557998028,Paper movie military set describe.,churned,jones.com,ZW,enterprise,organic
e52ae5d9-b0f2-4275-ad68-d1648c9e142f,Nicholas Case,joshua31@example.com,+8996423767,Performance parent investment note hear plan.,internal,wilson-robinson.com,CU,enterprise,organic
300d1fcb-5802-40e5-8399-02dfbdcb7807,Elaine Serrano,raymond12@example.com,+725531355251050,Nothing focus discussion at exist defense design.,"churned,vip",cole.net,ID,free,organic
a48c7d80-d010-444d-b00a-76208bec0b78,Jennifer Avila,lisa33@example.org,+57024611729596,Adult situation office above left.,,ramirez.com,TO,enterprise,organic
28afeeda-8c55-4aae-a890-09a802f41212,Amanda Newman,harrisonmaria@example.com,+51549103002156,Course total hard total.,"internal,premium",skinner.com,SN,free,referral
13e3ac27-30ce-479b-aca9-97e647b59825,Travis Jones,hailey64@example.net,+8299712529,Miss drive long majority.,,villa.com,BD,free,organic
d87884fc-0607-40da-94d2-bbce974c13e6,Edward Miller,donnamoss@example.org,+3984854728,True history laugh per data.,vip,morris-simon.com,BW,free,organic
efb2059b-2c5d-473b-8b4d-38005f22a0a7,Sergio Wong,stevenrodriguez@example.org,+7076240787,Until base issue character.,vip,lopez-ramirez.com,LA,free,ads
30702193-f6c0-47d4-a5a3-ab37f87559a0,James Reilly,kellypowell@example.net,+2892786103131,Entire assume big difficult per respond hot.,"b2b,internal",jordan.com,BZ,free,referral
e994bb8e-091c-40b9-85c1-5731ec217c7c,Richard Bailey,janice40@example.org,+4894743251,Tonight center actually listen free concern.,"internal,new-customer",robinson.com,SA,pro,organic
dcc56b5a-e405-440f-9ab4-faafcf5df381,John Smith,thomaswilliams@example.org,+7759847457054,Establish mind policy challenge.,,ibarra-jackson.com,UG,free,referral
947db328-ce99-4a77-a100-20866ba0ae40,Mr. Patrick Mcpherson MD,leestephanie@example.net,+8488782455,Finally American mind gas partner.,"premium,churned,b2b",chase-hopkins.com,MK,pro,organic
cef5b4d4-600f-49a6-a098-46d835e6e9e0,Adam Ho,stevenhernandez@example.com,+16823474140703,Major above good.,"new-customer,vip,internal",pope-knight.com,JO,enterprise,referral
08d4363e-d6e1-4899-b83b-42efb02ce622,Kathryn Mullen,stephaniereeves@example.org,+4498429659234,Current figure father until leave contain site.,"premium,vip,new-customer",williams.com,JM,free,organic
6da48003-90ab-48fe-be7f-2e47ac93f99e,Michelle Mcdonald,aowens@example.com,+7804612943,Myself not fall sense hotel idea accept space.,,davis-rose.com,SC,enterprise,ads
8f640aef-d490-4e4a-b57e-8cf2f970e9d9,Samantha Cunningham,michelle19@example.net,+503382872324407,A page building best.,"premium,internal,new-customer",stevens.com,LT,free,organic
ff3ab425-66ba-4076-a176-c05f88ba6d81,Timothy Evans,pmcgrath@example.net,+5979916202232,Face property where manage property hospital recently.,"premium,vip",garcia.net,PA,pro,referral
c63a47cf-6ef9-4d93-876e-dcf659a72076,Bryan Price,austin97@example.org,+8273740258835,Pretty goal rest fund.,new-customer,marshall.com,AT,enterprise,organic
2a3f4d14-40d1-45b8-8140-587d70fdb374,Ryan Webb,lobrien@example.net,+5233117753,Rock himself wind two.,"new-customer,premium,b2b",trevino.com,MX,enterprise,ads
f9a6e61b-6d29-428a-a667-acb6cfcafa3b,Phillip Obrien,mcleanmanuel@example.net,+5624983347743,Sport speak court old pick protect.,b2b,salazar.com,AE,free,organic
166686f2-8025-4146-86d8-c53af60be436,Laura Lin,jacob87@example.org,+3979855982,Personal them notice camera military beyond.,premium,johnson.com,ML,enterprise,ads
e45f2eab-8929-403f-a770-2522112c5b44,Todd Nielsen,peter51@example.org,+31899389846908,President allow instead customer thousand.,"internal,b2b",hall-guzman.com,AO,free,ads
b6dbcff8-6902-4687-9f47-0c1dd41665cf,Sherry Young,shafferanne@example.net,+2782356743,Similar specific move.,churned,taylor.com,TW,pro,referral
fc30a9d1-03f5-43df-b6be-0f55162c8fe7,Ralph Dominguez,jmiles@example.org,+2715955356,Begin act including sell space.,"new-customer,vip",fleming-rojas.net,RO,enterprise,referral
9d14aad0-4374-4a97-8d3c-149b38cfaa9f,Cameron White,edwardscarrie@example.org,+52996711148375,Walk sister fall president money.,,bradley.com,BG,pro,referral
379fd4d8-934f-46a2-b07c-f9052a172612,Jason Sampson,nramirez@example.org,+934283152037710,Everyone his still be everything.,"vip,churned,internal",flores-weaver.com,BF,free,organic
381ff8bc-b99d-4841-8189-5253913cb766,James Keller,guerreroanthony@example.com,+8958493059,Southern network weight usually.,"new-customer,churned",cruz.info,BD,free,organic
33c42d2c-664f-434c-a6bf-365db5aac5e8,Laura Stone,susanmcdonald@example.org,+8042413845,Ever environmental economy president sign activity fill produce.,vip,garrison-hurley.info,NO,enterprise,referral
4a6892a4-bf3d-4857-9b95-122b46178067,Andrew Howard,rickyriley@example.org,+5984517244472,That pretty discussion pressure.,,abbott-wallace.com,OM,free,organic
8cffa124-41d8-4d5e-8a08-0a31cb8cd3ba,Mitchell Brown,theresa05@example.net,+795961642059556,Perform civil and us treatment.,"internal,churned",cohen.org,LB,pro,ads
bc9173d2-b76c-4e19-9b30-efa567a18738,Natalie Logan,shelby69@example.org,+339328369294455,Inside work office plan significant tonight.,"churned,internal,vip",rodriguez.com,SE,enterprise,ads
d9bf9623-7e4d-4476-ab6e-e9f580bbfa59,Julie Garcia,bassandrew@example.org,+5286866526,Front station from participant.,internal,smith-martinez.com,TG,pro,ads
02af0df4-5254-49c2-93c1-ef0e84cfb4af,Tiffany Lozano,byang@example.com,+2898413475,Follow five condition century sport.,b2b,mcknight.com,SZ,enterprise,referral
a078131b-0f36-49c7-9ceb-f231687cfc4e,Emily Reed,davidhill@example.com,+3245491342,Stuff senior agree total whether music sometimes.,internal,khan.com,TR,enterprise,organic
4d3e4645-c7dd-456a-89e0-3065f9516023,Travis Simmons,dmeyer@example.com,+3177674124,Season develop avoid church.,"b2b,internal",freeman.com,GA,free,ads
530833b2-47a4-48e4-9a21-e8dd35459afd,Michelle Edwards,hamiltonsarah@example.net,+938400329633472,Executive cup then week tax see about.,vip,hill-mccoy.net,GQ,pro,organic
ac05e97c-4560-4cd4-b023-74b2632bc0c0,Jason Baker,pwelch@example.net,+9786243477695,Despite while to shake.,"churned,internal,new-customer",henry.com,KN,pro,ads
840b0d72-a70c-4a50-8de2-f52664667a84,Tyler Guerrero,heidi27@example.com,+16637044836085,Hot kind human treatment environmental rock.,"new-customer,vip,b2b",montes-nguyen.biz,CI,enterprise,referral
72847501-6c39-4215-9f34-276e81dc5239,Shawn Herrera,gouldchristina@example.com,+3982006155,Decision movement world study how responsibility face.,internal,fields-williams.info,NE,free,ads
5203658e-094d-44b4-b770-a04486c05df1,Danielle Smith,fischeralisha@example.net,+87042440330416,Technology baby mean region run.,new-customer,lozano.biz,GM,free,referral
079a0764-c70f-4bc2-ad4b-2f708a2c31e3,Kevin Myers,kristen68@example.net,+8446731497,Behavior whom night low traditional mouth.,"internal,b2b",smith.org,CZ,pro,ads
101275d9-a67c-499d-a488-ab6707983db2,Michelle Chavez,sandersjesse@example.com,+59134521182379,Idea study model style.,"new-customer,b2b",reyes.biz,MR,free,organic
c3990160-876b-45ae-b981-e9986e711c91,George Hernandez,hannah96@example.org,+3383787535778,Recognize heart series class security coach.,,brown.com,NG,enterprise,organic
81bf91b1-d684-44b7-8535-47a31e7b2200,Robert Freeman,sross@example.org,+744685959224839,Leg view until result system career modern.,"vip,churned,internal",kane-wilson.biz,SA,enterprise,referral
dfdbd433-7361-4746-a14e-cd69eb0af2c8,William Collins,jamesdavis@example.com,+610697921583503,Once figure person idea effort must.,,smith-butler.com,PW,enterprise,referral
0119c99c-f774-48d7-bf6c-d8158d18e4c6,Justin Martinez,xrivera@example.net,+14494732033192,Themselves follow time appear memory keep professor.,"internal,vip",harris.com,IT,free,ads
f691dee6-5c78-4c75-993a-55d5d77719a7,Raymond Mccarthy,larry85@example.net,+9936242687,Newspaper itself give agent.,internal,turner-wolf.com,TJ,pro,organic
b7fa55e9-c5a6-40ab-ac0d-ed5c2cec6733,Luis Walter,patrickwhite@example.net,+7373583094,Trouble me actually event positive politics.,"vip,internal",wyatt-townsend.com,ZA,free,ads
c9dfe373-cd44-4cd7-a7ba-7bb00196f6db,Tricia Morrow,oosborn@example.com,+82738105092221,Kitchen report fire teach.,,williams-dominguez.com,IS,free,ads
92db11dd-979c-4661-a826-1207da9489b7,Ryan Charles,rachael29@example.net,+4809660138241,Every cup measure.,"new-customer,vip",lucero-lee.org,LK,pro,referral
b7f764f4-ec86-470b-b503-3d5926b03dd9,Autumn Owens,knightsteven@example.org,+5217259020,Ball right east study politics top course.,internal,reid.com,IS,pro,organic
a50a4bd1-00c3-4186-bc1b-81d4d36b0e31,Ethan Perez,joshuagonzalez@example.com,+2748175955872,Mrs decision reduce get.,,anderson.com,IT,enterprise,organic
7f4602e3-fd46-4aaa-844d-d95d943b76e1,Rebecca Davis,jonathanmcdonald@example.org,+8822727955,Red picture thank account instead friend.,,hogan.net,TG,free,organic
6985880a-0462-4f23-8c58-a6752d4a6916,Nicole Gonzales,swatkins@example.com,+449469028249839,Small approach bed society center get.,premium,leach.com,PT,pro,referral
e9654227-bd78-4100-828b-08740a6ed6cc,Elizabeth Miller,michaelakim@example.net,+9288507251,Tree protect story relationship several.,vip,martin-smith.com,FR,enterprise,referral
f08bb64b-8300-4070-93f4-92b69cdc1e38,Stephanie Weiss,icarlson@example.org,+2798039235558,Population catch could deep.,vip,hughes.com,MZ,pro,ads
c08de886-8d3f-4926-bb95-f6e9224b6200,Eric Leonard,ajohnson@example.org,+2684171516,Can medical rather activity president prove.,"churned,new-customer",davis-cruz.com,NO,enterprise,ads
8e79868f-36e7-43b4-a59f-18d3bf3c9ab2,Lindsey Lang,xshaw@example.com,+3899760740,Happen threat rather education front fast standard.,"vip,internal,churned",wise-turner.com,SZ,enterprise,referral
60907f00-ed24-4d25-bcad-9901eb63dc57,Andrew Rodriguez,schmidtrandy@example.org,+9815227645,Notice American force although participant rich speech.,"churned,premium",adams.info,LR,enterprise,ads
29328452-c49b-41bb-894c-47b8d37b24f8,Nicole Henderson,whitejulie@example.net,+171691394498830,Set join section sing everybody.,"churned,new-customer",reyes.com,LU,enterprise,ads
987e54be-ee83-4310-b163-872afc72a935,Daniel Casey,joshuaford@example.net,+713830531949796,Upon actually future get know left sea.,,williams.com,IR,enterprise,organic
26601a71-7db0-4da1-a1fd-352b4a61faed,Matthew Duncan,welchanna@example.com,+2384544577,Once person north indeed share seem exist season.,"vip,new-customer,b2b",patel.biz,IE,pro,ads
405c0bdb-20bd-4bd5-a086-2518b689764b,Sarah Davis,jasonrodriguez@example.com,+6267865369,Picture professional rather plan player maybe.,vip,brooks.com,MT,free,referral
346fd87e-3ffe-4934-9f5e-e7ec5809fa25,Joanna Bradshaw,ricardosmith@example.com,+2598329715,Memory cover tree leader rich dream line.,"b2b,vip,new-customer",myers.info,JO,enterprise,ads
aea1f0f0-5890-4e10-8536-24b6f7f09492,Judy Sutton,yfritz@example.org,+9818952371006,Situation whatever third Mr.,"vip,b2b",morse.com,GA,enterprise,referral
3841c0a3-48cf-4b64-b1e0-b7a3a1af35d1,Dr. Edward Ross,coxjennifer@example.net,+147651124912565,Decide best politics available tonight man each.,"b2b,churned",frank.com,OM,enterprise,referral
6d3dca82-3910-45ae-80e9-46267c7f7b63,Laura Wheeler,earlroberts@example.org,+4954442947742,Factor his PM agreement deep field once else.,internal,peterson-norris.com,PG,pro,referral
5fb9ef8f-531f-4f76-bdd9-661f9bbc9f0e,Valerie Schneider,alexandra67@example.net,+5876276015,Difference everything sing smile practice.,"internal,new-customer",romero.info,VN,free,ads
7f1d11ae-fe7e-473c-9b79-71dfd55b9944,Rachel Warren,judithcox@example.org,+51558148881079,Something consumer view tax direction.,"b2b,vip",porter-hudson.com,AE,enterprise,ads
30b7bef6-786c-48e0-96d9-189c666ad136,Colton Rivas,escobardavid@example.com,+2337399771,Cultural bring bar culture.,"premium,internal",bryant.net,IT,free,organic
bc83a83d-e830-4c6d-b45e-dccadb31d188,Taylor Cortez,mwaters@example.net,+169760469472587,Test eat every night final.,"vip,churned",lawrence.com,TT,enterprise,referral
792799f5-4ac2-4b48-a50a-baaaf6dad6e7,Steven Hicks,emartin@example.com,+8494392523,Particular church what wonder.,"vip,churned",rodriguez-sherman.com,RU,pro,ads
4f44faeb-a3e2-4c3c-b48b-8c4588c2fff2,Scott Torres,kevinacosta@example.net,+674269660606527,Decade respond far health focus.,,larson.com,IN,free,referral
5c56f083-6fa5-4081-bb01-4d7124528e29,Jessica Hill,sanchezmark@example.com,+4856741721562,Customer because early of several end most.,premium,nguyen-castro.com,GM,pro,organic
0b89adbd-abba-47b7-8830-9b552908f080,Emily Castaneda,nburgess@example.org,+873875534490216,Something story art writer health not yet.,vip,norris-taylor.com,ME,pro,organic
f04fe978-20be-4a8a-8fbf-bc4b9cef22ed,Austin Jones,mccannkimberly@example.net,+6819979316,Threat yes charge form consider offer law.,vip,marks.com,TR,enterprise,ads
aa15f9d3-b000-41e0-bd5b-6140d67dd8c1,Marcus Price,perezronald@example.com,+4955873959,Deal consider ago own.,,stevenson.biz,TR,enterprise,referral
bb8dade7-86c0-4cfc-9388-a7412e3198ba,Ethan Hall,jamesmartin@example.com,+9355027160,Any just cup side opportunity by.,,chan.com,BJ,free,ads
3ba8e24f-2076-45a2-9807-cc75d5fef34f,Daniel Shepard,kara56@example.org,+2182574817,Sound hundred tax great watch student.,,hunter.net,CM,pro,organic
ddcce80b-d4b9-47e8-86d2-4a3a616a2c5a,Mason Price,rsmith@example.net,+125022329028227,Sort term produce he increase church common view.,,bautista-pearson.com,ME,pro,referral
547bce28-d58d-4977-88f4-0f2a809755f5,Ashley Martin,zharris@example.net,+2498500507026,Reveal college beyond give development information at why.,,harmon.com,MM,enterprise,organic
0de15a51-0fdf-4482-9d4e-b939758a593f,Larry Walsh,thomas42@example.com,+465829060320203,Activity lose tax could thank wife.,"premium,vip,churned",lucero-chase.net,OM,free,ads
190cebe8-ba60-45df-8a90-1faf8eed5017,Autumn Ramirez,matthew24@example.com,+38751584156082,Store build require call girl laugh network.,premium,hayes-lewis.org,IN,free,referral
e1e6cea2-9e90-441f-a6cf-8309ad04a91a,Stacey Dixon,marywalker@example.org,+7585929880,Coach city quite play teacher difficult us.,,burch.com,MY,free,organic
f2d0660f-bebd-4389-95c8-9aa5227ad5b5,Wayne Morales,asantana@example.com,+3522401484399,Cell lose civil will with within.,"premium,b2b",hernandez.com,IT,enterprise,ads
bc3642ea-dff7-47a1-a231-207630f4422e,Ruben Jones,donald61@example.net,+7746189721,High through both.,"premium,internal,vip",hartman-lucas.biz,UA,pro,referral
1618aac9-ec21-4516-a5fe-9f826d9eaae7,Joseph Davis,john76@example.com,+7143448564,Big south drug.,,simmons-jackson.info,PS,free,organic
44ad8dff-c4b5-47c7-9fe8-422100b54524,Samantha Freeman DDS,qobrien@example.com,+7918919113,Responsibility always positive key leave tell.,"new-customer,b2b",walker-hamilton.com,CA,free,referral
fb7e378b-20e7-44bb-b818-c66e54d738fc,Cindy White,corey60@example.net,+4455553470574,Side natural focus husband give spring suddenly.,"vip,new-customer",bentley.biz,SV,enterprise,organic
4b03f392-424f-4102-8d3e-1104b6b4abc9,Tracy Stewart,craig16@example.com,+14727634755752,Born ok training.,"b2b,internal,premium",cook.net,SZ,pro,ads
19b9625b-b643-4690-957f-359145f89947,Angela Davis,jphelps@example.net,+285562614991537,Choice yeah ago difference reason despite themselves.,,may.com,MY,pro,referral
5b6ad9ab-21d2-4afa-8441-c7590867de84,Alex Salazar,jperry@example.net,+7626896964,Have tonight view floor ground when.,churned,wong-robinson.com,KE,free,organic
afea31cf-b913-43f3-9421-1ea968f27120,Anne Lowery,gnichols@example.net,+9589374907,Job well commercial nice next arm girl test.,"churned,premium,internal",morris.com,SO,pro,referral
9e4bdf76-bcda-4140-9fd7-c6e3973e2b65,David Mosley,reevestravis@example.net,+15054911918623,Ahead up rock forward.,internal,brown.com,WS,pro,organic
f4a9ccf1-f506-4c39-b20d-f4b239bb1af9,John Boone,codykelly@example.net,+647212463351571,Article news radio believe ability world actually force.,"premium,churned",shah.biz,NE,free,organic
f70a1bf9-5dd4-4277-ba1a-0b8e5f8bc3b5,Tina Lopez,nwhite@example.com,+4299592728,Performance very thousand.,b2b,johnson-stein.org,MR,free,organic
aacc546a-4a4d-4ecb-a734-2387cb6f0327,Christopher Stone,jimenezcarrie@example.net,+578867181535237,Group true TV.,,aguirre.com,CD,pro,ads
99ca8a91-6fca-4354-a5e7-b9031ee10296,Erica Rose,psherman@example.org,+95237346666170,Night participant fill yeah side side.,"vip,internal,churned",zimmerman.net,BW,free,referral
0b87992e-5b4a-4fdd-b7f8-889146aff184,Nicole Duncan,daniellestevenson@example.net,+4047635806,Treat better wear.,"churned,b2b,premium",brown.com,KP,free,referral
69db3bd5-f529-47b1-ad63-d788e59da191,Martin Smith,sharris@example.org,+50365263560229,Quite report top finally wait president.,"b2b,vip,new-customer",joseph.com,SA,free,organic
054c0d75-594d-4ca3-9e50-85cd7e0b716f,Steven Montoya,aking@example.net,+3463484494,Statement this wear never marriage camera.,new-customer,ortiz-smith.biz,MT,free,referral
9f543c99-3f3d-44ac-910a-15baf798c1be,James Miller,allenchristina@example.com,+3575306624,Physical from return agent.,churned,harrison.com,GT,enterprise,organic
a374d844-2b0e-4a9a-9028-8f20289d2984,Briana Brandt,rodriguezcameron@example.net,+15092255021,About around hold note tax several.,vip,jones-sanchez.net,JO,free,organic
9525df63-de15-4fe2-ac66-9567e2f0fb3c,Karen Duncan,ncampbell@example.com,+5374945772785,Pm company whose yourself think.,"new-customer,premium,internal",elliott.com,CF,free,referral
a5774961-0cf5-47d7-90ad-1d359591df95,Jason Hobbs,vanessamartinez@example.net,+7368667776755,Rich day describe course.,"new-customer,premium,churned",singh-reynolds.com,CV,pro,ads
d093d22e-6e5c-4db9-8a11-510eb79bff0a,Kimberly Gallagher,tbrooks@example.org,+42781874960335,It wall agency deal note common worker.,premium,gould.org,MM,pro,referral
33bb7a2b-41ad-46a4-93cb-2eab0726067e,John Parrish,kathryntucker@example.net,+7414595977,Field sort civil thing clear.,churned,elliott.com,CZ,free,ads
e3aeb7c5-fc7b-4e7d-ac0f-dd04f86591e7,Lori Graves,hannah31@example.net,+4712026767,Read stand us once consider thus wife water.,,patel.biz,DJ,free,referral
63162230-15cf-408f-ba6f-14b6f65fdc19,Marcus Byrd,danieldonovan@example.net,+8544159709,Surface court exactly minute trouble majority.,internal,cooper.com,BJ,pro,ads
d14f2cd2-9598-4ca6-9eb0-a41dd4fbe241,Jeffrey Williams,vhopkins@example.net,+9298090463,Along public recent friend sort table.,"b2b,new-customer",williams.com,IN,free,organic
840dd33a-76ed-4991-893d-521148d1ee6a,Corey Campbell,gentrysamantha@example.org,+7003591297,Business region current second ball begin week about.,"churned,new-customer,premium",russell-peterson.com,WS,free,organic
3a1b91b0-b928-4abd-bbc1-5842dd807f1e,Karen Gonzalez,ljacobs@example.com,+59037280123428,Could support series direction.,"new-customer,vip,internal",hall.com,YE,free,ads
7af6be75-f87b-45c4-8db1-b196ed881c76,Donna Simmons,jill80@example.net,+995791945757574,Yourself couple onto amount good let left.,churned,reid-vargas.org,NG,pro,referral
83a43988-9acf-4d23-87ea-d1b2883a2494,Paul Barnes,markskristina@example.com,+182695062292310,Even cup market citizen.,internal,ford-nolan.info,DE,enterprise,organic
8a147025-3eb2-4a52-91e2-5c95cbe76cd0,Samuel Freeman,gomezdaniel@example.com,+949369192845525,Language indicate decide.,,ramirez.info,NR,enterprise,organic
4b253276-2a82-4be5-9465-3f361979c9fc,Valerie Buchanan,barbara53@example.org,+893499337970581,Focus more leg too water road at hope.,vip,barker-kent.com,ZW,pro,ads
8d6da234-8d17-41d8-bc23-92bb3891ea80,Amy Wright,murphymallory@example.com,+15243575983,Safe save crime sometimes executive.,"vip,premium,churned",moody.com,MM,pro,referral
e5457067-9413-4911-a95a-49425bd16e2a,Charles Johnson,dmiller@example.org,+9686297514743,Only follow admit appear.,internal,henderson-cardenas.com,KG,enterprise,ads
277dd67d-4753-4a5d-acaa-eb340cc30583,Alexander Hamilton,randall59@example.org,+144539908027112,Clear research begin growth ground ball gas.,"b2b,vip",tran-wood.com,WS,free,ads
9c0ac1dc-d4b8-4f7c-8e3d-12810a86fdf5,Richard Neal,olsenshane@example.org,+555266084706810,Director man glass ball think.,,vasquez.com,SL,pro,organic
36b63960-ca50-4e23-a284-e5d8a5c03ebf,Natasha Campbell,william23@example.net,+8535546147079,Both hold blood value.,"premium,new-customer,b2b",roach.net,AF,pro,organic
39b6ae1e-cf36-442a-8ba2-11e4ee41eb52,Stacie Meyers,steven39@example.com,+9808403253,Leader hospital send TV lose others.,"premium,internal",gonzalez.com,FM,enterprise,organic
0c122f3e-779c-414f-b83d-090af2803a7e,Shannon Arroyo,turnerpatrick@example.net,+6108533651,Father alone build.,"internal,new-customer,churned",mathews.com,AT,enterprise,organic
f0e6288c-5f20-4acd-822f-b9e7e6b6fb8a,Melanie Johnson,hthompson@example.org,+8409433700,Resource score expert because happen.,,baker.com,ZW,pro,referral
9cfad04b-8419-448c-a645-94d9a68dfd7f,Brianna Moss,richard96@example.com,+4547278656194,Population late much quite threat gas.,b2b,stephens-brooks.com,RS,free,referral
5cccf08b-f43c-48a5-a1d7-deba9d617d3a,Robert Harris,amiller@example.org,+780781904823571,View mission standard despite go impact seem.,"b2b,premium",thomas.com,TO,enterprise,organic
6450c82b-0def-49ec-876a-bb194d042534,Stephanie Lopez,barrytanya@example.org,+22164364381300,Debate still quite attack.,,perez.info,DE,free,organic
67fe7cba-468b-486a-a0b9-033943baa7e3,Michael Evans,tbrooks@example.com,+16979990707550,Send show institution onto thing we.,vip,tapia-henderson.com,HR,free,referral
1761fb54-e365-44b2-97b2-b1fab3769f34,Karen Stephens,sanchezmaria@example.net,+6769539705,Party believe raise order push.,new-customer,henry.info,PS,free,ads
b2fdeaae-89f5-4900-a89c-dc8272a28c3a,Donald Cunningham,kingdavid@example.net,+52794204956121,Eat hold season president computer heavy few.,"internal,b2b",walls.com,SC,pro,ads
9464c399-2d05-4a61-89d8-dac11d34fa16,Jeremy Haynes,garciadonald@example.net,+18909775608581,Everything newspaper institution.,"new-customer,internal,vip",peterson.org,SA,enterprise,ads
27e46d30-2e3e-43d5-bf9c-1c2ae7df51da,Thomas Knox,davidmartin@example.net,+4378858471,Nice discussion challenge card.,new-customer,miller.com,PY,pro,organic
2d235a47-0a16-4bf4-9c88-08410a93ac15,Deborah Moreno,nicole25@example.org,+43347773126881,Certainly set local wrong authority clearly phone.,vip,myers.com,CG,enterprise,referral
1586e5af-0d97-40d8-9369-6679167eb3b3,Paul Williams,kimberly03@example.net,+145498954787698,Before majority garden military place edge.,internal,franco-ward.com,IN,pro,organic
ea9d56bd-113d-4e4b-80d7-30104cf122ed,Timothy Nguyen,ashleebailey@example.com,+4586644963,Reach gun myself fly something.,"new-customer,churned",villa-baxter.org,SG,pro,ads
7c03e913-c4d4-4200-aade-68bf3f2155f7,Kyle Schultz,isaac75@example.org,+87489785249141,At speech effort.,new-customer,meyer.com,DZ,free,ads
dcdc5c1b-9af4-49a2-8ca5-917fbdcbd285,Jennifer Baker,ffuller@example.net,+7762651221,Suggest everyone nature.,"b2b,churned",gibson-ewing.org,IS,pro,ads
29af9194-b3f5-45de-854f-0d1e69dacbc6,Matthew Brown,morganclaudia@example.com,+26373399948532,Commercial whom himself my admit.,"churned,b2b,internal",anderson-davis.biz,GA,enterprise,ads
94583e13-69e0-434c-b0f8-c56a63fdd45f,Belinda Sanchez,dwalker@example.net,+8239410346,Discussion suggest impact know character.,"churned,premium,internal",davis.org,IR,free,referral
72e998f3-88e1-4495-a482-92cc9911527b,Christine Nunez,hclarke@example.com,+407889679352196,Design government ever resource together.,premium,jefferson-christensen.com,SR,enterprise,organic
d94156ed-2215-4828-93da-88af57e39599,Dana Wolfe,bmarquez@example.com,+5532454722398,Hair set bed trouble begin receive.,"internal,b2b,churned",burke-harrison.com,LA,pro,organic
5e1505d3-a596-48c5-bd0b-9916e70207ad,Charles Graham,jeremycollins@example.net,+9318909248,Door space crime Republican.,,wright.com,PG,enterprise,organic
c4674f6d-da61-496d-a6cb-5d2936cce976,Joel Hodges,ericfrederick@example.org,+8524480880,Answer choose car technology.,internal,mejia.com,SN,pro,organic
fb341106-bdf9-45db-a34d-4b3133c2a977,Brian Wright,jonesnicholas@example.org,+87867688687859,View cold teach call already available yes.,churned,berry-ramirez.com,PH,pro,ads
f56966f5-94b9-4947-90fb-5097fe1df217,Alexander Freeman,lewiskimberly@example.org,+8929463203747,He daughter candidate where early certainly policy.,"premium,internal",wilson-strong.biz,MT,pro,referral
7752da06-487f-4dba-a692-a34b68002836,Stacy Wiggins,georgemichael@example.net,+14702715534,Certainly represent especially agency.,,phillips.com,PT,pro,ads
f45de810-1823-413b-a8f3-b1b159948703,Robert Stevens,justin08@example.net,+3774680898,Form research rule play century several.,new-customer,mccoy.com,PE,enterprise,referral
aaaae2fb-d46d-454f-9083-53dda5f489e8,Andrew Smith,jameshudson@example.com,+2686943012,Skin despite trip close pull box prove.,"internal,churned,premium",davis.com,MX,free,referral
94a69fc3-6ff7-4203-ab7e-ac6021b3263c,Kimberly Valenzuela,crystal58@example.org,+5949412833,Unit recently media include.,new-customer,jensen-krause.info,IL,enterprise,referral
157e9d73-90bc-4bfd-ab74-4c31cd13fd1e,John Hebert,hamptonsara@example.org,+866526705514377,Involve dog during source from our.,premium,barnes-rivera.com,HN,free,ads
2ca1bfea-c765-4f29-ac9f-b93da1dc09de,Katherine Davis,victoriasmith@example.org,+6247559102,Although old write pass.,,bennett.com,CZ,free,referral
f2dc926e-a44c-4198-a3eb-c62fceb28e02,Eddie Copeland,deckerjustin@example.org,+7944281793406,Special grow meeting family relationship husband southern.,vip,clarke.info,CD,pro,organic
e4067a9d-78d0-4d75-8999-7cc03689de5e,Charles Moore,brownnancy@example.org,+5729214559,Important upon property public role few.,"new-customer,b2b",bauer.com,GE,free,organic
71b2c2aa-6c73-4dc0-a1cb-f998cc1e0f4c,Austin Johnson,perry77@example.net,+35792565920246,Challenge this drive page whatever trade.,"vip,new-customer,b2b",clark.com,MX,enterprise,ads
3ca6228b-53cb-4c0c-b62d-2435e4f17679,Lucas Rogers,webbmadison@example.net,+5328584868,Lawyer rest natural.,,white.com,LC,free,organic
7c2b8bb0-90ca-4a2e-b4d5-3533b29cfe69,Traci Brown,mhickman@example.net,+6598374403,Above director develop start dream.,,shea.com,NE,enterprise,organic
ae7c6991-9432-412c-9a93-336ffaf6722e,Kimberly Butler,kayla07@example.net,+4885413685,Rate bag positive.,,jordan.com,SO,enterprise,organic
5f198b14-78f6-4f9f-8565-b46e12af1476,Megan Perry,kharris@example.com,+2445881121,Single some want whole.,"vip,internal,churned",smith-anderson.com,DO,enterprise,ads
647fd2aa-e4e0-4490-8793-cef98e2bf7df,Penny Marshall,olsonchristina@example.org,+4154263840911,Civil spring movement long under place.,,hubbard.com,SC,enterprise,referral
0a9b6942-0c57-4717-bf83-796529d7e85f,Patty Powell,jameswalsh@example.net,+7983819277,Specific skill point early Mr international although blood.,churned,peterson.biz,CA,free,organic
0fdaa06d-f445-415e-998a-7eab5a6c9178,Mrs. Sarah Zavala DVM,charles44@example.com,+3047521289,Believe enough free thousand.,"internal,b2b,new-customer",ortega-murillo.com,MU,pro,referral
2bc1d34d-e7e5-483a-b30b-f23641dedd17,Eric Hodges,cainana@example.net,+7118901707,Blood city vote time easy free continue.,,ray.com,HT,free,organic
90c5c8a0-4940-4d44-a5f6-a5afcb7c9a45,Beth Rojas,veronicasmith@example.net,+6937783063963,Identify opportunity treat explain.,vip,haynes.info,GM,pro,ads
5a6dfbd7-fd95-4836-9231-7f53266713c0,Kathleen Levine,vgarza@example.com,+8343190310,Deal certain right size than foot.,"churned,vip",jensen.biz,IE,pro,ads
1b6a6644-2150-4928-95c9-0df098c76bd0,Shannon Thomas,qgomez@example.net,+9774460406,Sit street security modern.,"b2b,internal,churned",gray-stone.com,PA,pro,organic
70bd2de1-b5ad-4175-894e-dc5dfb875188,Jeffery Smith,willismichael@example.net,+5739476427,Admit doctor magazine despite.,,gutierrez.com,JM,free,referral
9bd677a5-c5d8-4fb2-b7a8-fd544afb41a9,Brett Atkins,julie01@example.net,+4349438998,About when force ready network nothing ability.,internal,hicks.com,SK,free,ads
afa95f2d-f2fe-478d-8888-3812dfe6c3bc,Danielle Ballard,courtneysantiago@example.net,+457538573680119,Term day include you authority race.,"vip,new-customer,churned",lopez.com,WS,enterprise,referral
114c87e6-fee3-4ac9-94a8-90a74bcbe508,David Hull,rmartinez@example.net,+7743820736,Mean director offer a.,,alexander.com,MN,free,referral
262be18c-a6e3-4649-b029-ede32e6ea156,Veronica Armstrong,james23@example.net,+9235332470,Care brother treatment daughter phone they federal rather.,churned,bailey.com,AR,enterprise,organic
431d9342-b4c9-40cd-b97d-d8df3247758d,James Patel,wrodriguez@example.org,+7129616324,Stock organization produce democratic.,,watts.info,MT,pro,organic
fdf2f265-5fcb-4bde-9998-584f1cfab5f6,Larry Howe,gonzalezkenneth@example.net,+4192120381876,Conference then sometimes drive anything teach myself.,new-customer,coleman-carr.info,IT,free,ads
84cd017a-e788-44e3-9a05-38a7f33bb627,Anna Green,mariawilliams@example.com,+8233182971,Leave race yeah front almost activity.,"b2b,premium",allen.com,LU,enterprise,ads
054a3892-3746-437c-8e53-a7589f0cc6af,Frank Todd,millerjames@example.org,+6856090255618,City nation challenge property music.,"new-customer,vip",rowe.com,RS,free,referral
6c27d7f6-8ec6-4474-b61f-426ef06e6872,Phillip Mason,edwardstaylor@example.net,+670409004365515,Help but include something memory wrong.,"new-customer,churned",henry-kent.com,CZ,enterprise,organic
aa3acf0a-0364-4bab-8182-c0ab5a192570,Andrew Klein,nbrown@example.org,+699287950982210,Tend education more three.,b2b,stanley-diaz.com,TR,pro,organic
2219fba5-743e-4740-b973-00edca43f41c,Kathleen Galvan,nicholasgallagher@example.net,+161684321269428,Citizen drug information response happy.,"internal,churned",rodgers.com,SY,free,organic
e6195418-50c9-4b08-8346-3d08081aee51,Andrew Price,wmoore@example.com,+46464898803153,Rise care particular recent purpose future.,internal,kirk.com,BS,enterprise,referral
d4b61084-3ca3-4197-956e-787ef71ccdcf,Daniel Booker,james84@example.net,+216532111978718,Order piece cup describe if.,,mcdaniel-brown.com,GY,pro,organic
f2baf36f-6198-4817-ba9d-850ac384812c,Tina Hull,uchang@example.com,+5782688002,Only free increase.,"vip,premium",key-williams.biz,AU,enterprise,organic
4df59b6c-6f28-4271-9d00-e548fd6a77c1,John Warner,jessica91@example.net,+309636595201491,Much difficult however local.,"vip,b2b",anderson.com,FM,pro,referral
fb396c7f-65b4-47f3-aa01-446afe2e1fa2,Brooke Lewis,charleshayes@example.com,+761514042886050,Very investment whom season mind benefit second.,vip,willis.com,DO,enterprise,referral
94fb95b4-0963-47b7-a056-7ba6779defb1,Amy Dyer,peter91@example.org,+82741531234550,Occur magazine suggest interesting no total.,"internal,premium,b2b",deleon-smith.com,FI,free,referral
289976b1-5d97-43d4-9d09-a99eda6d4c21,Steven Smith,vdeleon@example.com,+7783826033,Bill have reality.,"vip,b2b,new-customer",clark.com,CI,enterprise,referral
cc8066ae-6a51-420f-a5f4-7d2967c15a0a,Lauren Brown MD,savannahespinoza@example.com,+9923699969964,Far movement hand himself weight eat form.,,obrien.net,MN,enterprise,ads
735c905c-b3a8-490f-ab8c-953a70e4f712,Vanessa Lee,pamelarodriguez@example.org,+82636980690872,Shake win air kind see finally wall.,,phillips.com,TN,enterprise,referral
c6ec1152-178f-45bd-86b4-972bb69f077d,Stephanie Meyer,hufftina@example.org,+7614299650826,Produce behavior nearly of general piece.,"premium,vip",perez.org,ML,free,ads
1622b114-c160-4b72-8c08-30e6ac00b3ed,Melissa Thomas,lindsayedwards@example.com,+53030869661016,Property sport friend wide.,churned,smith.biz,BZ,pro,organic
0791a1a1-e2e3-4a8d-b583-545ab8cc4be5,Matthew Miller,hodgemanuel@example.com,+928939762053440,Out hospital around wall those rise.,"churned,premium,internal",williams.biz,SM,enterprise,referral
337a5a9d-fc36-4625-af0b-b27f485a6928,Anna Brennan,dlivingston@example.org,+5377312552,Board name bad action support tonight.,"churned,b2b",powers-carlson.com,AM,free,ads
fae314d0-ed59-4776-be30-8793a79b86de,Brian Christensen,mandypetty@example.com,+5779895613,Through nation film or.,churned,gregory.org,DK,enterprise,ads
f974e6f4-ed64-4802-9e9a-71d6877520ad,Andrew Roth,dhill@example.org,+4344167812778,Add claim begin man.,b2b,ali.com,MY,enterprise,ads
c90fb1db-1fa6-4352-92ea-240167cefe2e,Jennifer Armstrong,jessica79@example.com,+7638831828,Full occur last.,,herrera.com,SI,enterprise,referral
eb42d5f7-92aa-40f0-baa5-fb0e5196df64,Wendy Chavez,powellsharon@example.org,+78270506821223,Beat hotel them hand.,,johnson.biz,NA,enterprise,referral
0a535ae3-b13b-48cb-82b9-2bd697bad417,Keith Oconnor,charlesduncan@example.com,+15988480220509,Respond economy why possible fear paper suffer particular.,"churned,vip,b2b",ryan-west.com,LA,enterprise,ads
119cd682-6e4f-48eb-95f3-5968af602b5d,Judith Patrick,dominguezscott@example.com,+4382676738,Later herself back pass rest professional left particular.,"churned,premium,internal",soto.info,YE,enterprise,organic
7e6c0f0d-1de7-4199-b20f-a003d317c981,Katie Higgins,maryanderson@example.net,+2043056695790,Evidence my sing garden.,internal,cruz-hernandez.org,TR,pro,organic
7c4496de-a61b-4114-bf3c-99025db4e5e0,James Taylor,jacob32@example.net,+17948633891,End range trouble cost.,premium,adams-white.net,MX,free,organic
7af1e37e-3031-4ba1-a3b2-6629268745ca,Wayne Jackson,mirandawalker@example.net,+16518381865507,Food particular series significant expert energy account.,"premium,churned,b2b",bowen-randolph.com,LV,pro,ads
ce9125fe-2fe3-4fd2-ad84-cb17ddb2ecb4,Ronnie Sloan,mmartin@example.net,+9153531325936,Sometimes language fish administration per.,b2b,fuller-wilson.net,TR,enterprise,organic
45b04989-03cd-4997-821d-a0acc2711ba1,Rebecca Johnson,gregory69@example.net,+2986780927,Candidate suddenly money task give clear.,"new-customer,churned",terry.com,JM,enterprise,referral
48920ee9-5d7e-4c14-a5b8-e62a2a92d27d,Frederick Mejia,csparks@example.net,+8447227585485,Skin success explain maybe fight pass.,"internal,b2b,new-customer",mcconnell.biz,NI,free,ads
92a78e8f-916d-4f25-8346-7de56830983c,Timothy Smith,williamslaurie@example.com,+173973132155130,Almost daughter plan new consider beyond field.,,ponce.biz,LT,free,ads
